z,DL_model,DL_LCDM,DeltaDL/DL
0.0,0.0,0.0,nan
0.002960891473211326,0.004419496484254577,0.004419503588912542,-1.6075692263408355e-06
0.005921782946422652,0.008854697789705945,0.008854726225630176,-3.2113837861307087e-06
0.008882674419633977,0.013305560906322834,0.013305624892478897,-4.8089553538389406e-06
0.011843565892845303,0.01777204305408246,0.017772156801630027,-6.400323204331352e-06
0.01480445736605663,0.0222541016811597,0.02225427939329247,-7.985526272465764e-06
0.017765348839267954,0.02675169446213498,0.026751950333923608,-9.564603157326471e-06
0.020726240312479282,0.03126477929622066,0.03126512751445871,-1.1137592126845913e-05
0.023687131785690606,0.03579331430550564,0.03579376904855839,-1.2704531119126302e-05
0.02664802325890193,0.04033725783321805,0.04033783327087424,-1.4265457748500744e-05
0.02960891473211326,0.04489656844200564,0.044897278735332016,-1.5820409307326176e-05
0.032569806205324583,0.04947120491223373,0.04947206421343239,-1.736942277069588e-05
0.03553069767853591,0.05406105905614661,0.054062081872915016,-1.8919300422254707e-05
0.03849158915174723,0.05866587736191907,0.05866707934507701,-2.048820516312433e-05
0.041452480624958564,0.06328547365599227,0.06328687123238741,-2.2083196213133962e-05
0.04441337209816989,0.06791980790447213,0.06792141748421837,-2.369767601818314e-05
0.04737426357138121,0.07256884028645191,0.0725706782628334,-2.5326708051749154e-05
0.05033515504459254,0.07723253119233742,0.0772346139417152,-2.6966527978689207e-05
0.05329604651780386,0.08191084122218983,0.08191318510391074,-2.8614217820161292e-05
0.05625693799101519,0.08660373118408556,0.08660635254039338,-3.0267483053303497e-05
0.05921782946422652,0.09131116209249283,0.09131407724844191,-3.1924496604700106e-05
0.06217872093743784,0.0960330951666653,0.09603632043003621,-3.3583787430232265e-05
0.06513961241064917,0.10076949182905182,0.10077304349026932,-3.524415949434715e-05
0.06810050388386049,0.10552031370372258,0.10552420803577578,-3.690463189142808e-05
0.07106139535707182,0.1102855226148114,0.11028977587317587,-3.856439394136782e-05
0.07402228683028314,0.11506489180279462,0.11506952136533101,-4.0232743488054587e-05
0.07698317830349447,0.11985816765308187,0.11986319218039011,-4.191885112389832e-05
0.0799440697767058,0.12466528623159136,0.12467072451962154,-4.362121140415466e-05
0.08290496124991713,0.1294862106559002,0.12949208147356844,-4.533727160319195e-05
0.08586585272312845,0.13432090423762832,0.1343272263268023,-4.706483820782475e-05
0.08882674419633978,0.13916933048092373,0.13917612255640985,-4.880201690753314e-05
0.0917876356695511,0.14403145308096352,0.1440387338304954,-5.0547164212422064e-05
0.09474852714276243,0.14890723592247015,0.14891502400669876,-5.229884815553969e-05
0.09770941861597375,0.15379664307824312,0.15380495713072825,-5.4055816146874844e-05
0.10067031008918507,0.1586996388077055,0.15870849743490875,-5.5816968507910056e-05
0.1036312015623964,0.16361618755546542,0.16362560933674447,-5.758133654775711e-05
0.10659209303560772,0.16854625394989212,0.16855625743749642,-5.934806429840296e-05
0.10955298450881905,0.17348980280170656,0.17350040652077428,-6.111639321404301e-05
0.11251387598203039,0.178446670855213,0.17845789417034513,-6.289055008912295e-05
0.11547476745524171,0.18341660525753814,0.18342846897665116,-6.467763253549331e-05
0.11843565892845304,0.18839948202344825,0.1884120075247445,-6.647931552130495e-05
0.12139655040166436,0.19339526735538376,0.19340847597849342,-6.829392064043007e-05
0.12435744187487568,0.19840392763090284,0.19841784067696377,-7.011993484793742e-05
0.127318333348087,0.20342542940133002,0.20344006813306822,-7.195599113068528e-05
0.13027922482129833,0.20845973939041867,0.20847512503222917,-7.380085181923619e-05
0.13324011629450966,0.21350682449302746,0.2135229782310555,-7.565339413056605e-05
0.13620100776772098,0.2185666517738098,0.21858359475603278,-7.751259760321873e-05
0.1391618992409323,0.2236391884659169,0.22365694180222642,-7.937753313830085e-05
0.14212279071414363,0.22872440196971383,0.22874298673199836,-8.124735341636347e-05
0.14508368218735496,0.23382225985150853,0.2338416970737365,-8.312128448948185e-05
0.14804457366056628,0.23893272984229375,0.23895304052059674,-8.499861838436e-05
0.1510054651337776,0.24405577983650129,0.24407698492925803,-8.687870658058589e-05
0.15396635660698893,0.2491913021485129,0.24921342315198336,-8.876329047881756e-05
0.15692724808020025,0.25433904535210705,0.254362105391379,-9.065831263055661e-05
0.1598881395534116,0.25949883416642255,0.25952285741423203,-9.256698253416298e-05
0.16284903102662293,0.26467063796223483,0.2646956485398769,-9.44880574352355e-05
0.16580992249983426,0.2698544262654256,0.2698804482429433,-9.642038794264906e-05
0.16877081397304558,0.2750501687558091,0.2750772261521823,-9.836290976041916e-05
0.1717317054462569,0.2802578352659709,0.28028595204930357,-0.0001003146362743773
0.17469259691946823,0.28547739578011777,0.28550659586782506,-0.0001022746518991492
0.17765348839267955,0.290708820432939,0.29073912769193383,-0.00010424210609500845
0.18061437986589088,0.29595207950847985,0.2959835177553578,-0.00010621620797122302
0.1835752713391022,0.3012071434390252,0.3012397364402496,-0.00010819622141995833
0.18653616281231353,0.306473982803995,0.30650775427608057,-0.00011018146071154249
0.18949705428552485,0.3117525683288503,0.31178754193854646,-0.00011217128650723785
0.19245794575873618,0.3170428708840102,0.3170790702484834,-0.0001141651022405098
0.1954188372319475,0.32234486148377944,0.32238231017079505,-0.00011616235083049873
0.19837972870515883,0.327658507844994,0.327697229402669,-0.0001181626031613489
0.20134062017837015,0.33298356061383694,0.3330235804357352,-0.00012017113576735652
0.20430151165158147,0.33831977398022917,0.338361119271993,-0.00012219279760280514
0.2072624031247928,0.34366712050566084,0.34370981840726506,-0.00012422659847797252
0.21022329459800412,0.349025572886205,0.34906965047227034,-0.00012627160798913423
0.21318418607121545,0.35439510395153,0.3544405882316341,-0.00012832695129815725
0.21614507754442677,0.3597756866639213,0.3598226045829076,-0.00013039180526386489
0.2191059690176381,0.36516729411731297,0.3652156725555973,-0.00013246539488786206
0.22206686049084945,0.3705698995363288,0.37061976531020385,-0.00013454699004873747
0.22502775196406077,0.3759834762753315,0.37603485613726934,-0.00013663590249479704
0.2279886434372721,0.38140799781748363,0.3814609184564357,-0.00013873148307357602
0.23094953491048342,0.38684343777381414,0.3868979258155098,-0.00014083311917688712
0.23391042638369475,0.3922897698822974,0.3923458518895395,-0.00014294023237920687
0.23687131785690607,0.39774696800693793,0.39780467047989737,-0.00014505227625867737
0.2398322093301174,0.4032150061368666,0.40327435551337415,-0.0001471687343768266
0.24279310080332872,0.40869385838544336,0.4087548810412793,-0.00014928911840883982
0.24575399227654005,0.41418349898937,0.41424622123855276,-0.0001514129664121307
0.24871488374975137,0.4196838034134344,0.41974825247562747,-0.00015354218108815755
0.2516757752229627,0.42519452510125544,0.425260730293078,-0.00015568141402785276
0.254636666696174,0.4307155170139276,0.43078350877247495,-0.00015783277948852947
0.25759755816938534,0.43624675498414095,0.4363165636656181,-0.00015999548788768106
0.26055844964259667,0.4417882149578734,0.4418598708380427,-0.00016216878901759111
0.263519341115808,0.4473398729935979,0.44741340626822373,-0.00016435196977927275
0.2664802325890193,0.4529017052614959,0.452977146046785,-0.00016654435206605748
0.26944112406223064,0.4584736880426795,0.45855106637571785,-0.00016874529079152843
0.27240201553544197,0.46405579772841893,0.4641351435676047,-0.00017095417204542615
0.2753629070086533,0.46964801081937946,0.4697293540448526,-0.0001731704113713628
0.2783237984818646,0.4752503039248629,0.47533367433893076,-0.00017539345215507784
0.28128468995507594,0.48086265376205817,0.48094808108961795,-0.00017762276411674818
0.28424558142828726,0.48648503715529706,0.48657255104425445,-0.00017985784189752146
0.2872064729014986,0.49211743103531863,0.4922070610570031,-0.0001820982037356725
0.2901673643747099,0.49775981243853784,0.4978515880881146,-0.00018434339022435446
0.29312825584792124,0.503412158506324,0.5035061092032019,-0.00018659296314512438
0.29608914732113256,0.5090744464842822,0.5091706015725194,-0.0001888465043742936
0.2990500387943439,0.514746653721545,0.5148450424702502,-0.00019110361485289728
0.3020109302675552,0.5204286579929893,0.5205293107144955,-0.00019336609761323102
0.30497182174076654,0.5261202161023605,0.5262231655065202,-0.00019563829741431904
0.30793271321397786,0.531821185198017,0.5319264652632613,-0.00019792221692172164
0.3108936046871892,0.5375315442615591,0.5376391888688564,-0.000200217189382642
0.3138544961604005,0.5432512723674506,0.5433613153009011,-0.00020252257632580393
0.3168153876336119,0.5489803486824122,0.5490928236298376,-0.00020483776619381331
0.3197762791068232,0.5547187524648175,0.5548336930183452,-0.00020716217305115163
0.32273717058003454,0.5604664630640979,0.5605839027207387,-0.00020949523536229362
0.32569806205324586,0.5662234599201484,0.5663434320823706,-0.0002118364148428921
0.3286589535264572,0.5719897225627419,0.5721122605390386,-0.00021418519536923434
0.3316198449996685,0.5777652306109465,0.5778903676163987,-0.0002165410819499964
0.33458073647287984,0.5835499637725483,0.5836777329293819,-0.00021890359975237315
0.33754162794609116,0.5893439018434797,0.5894743361816178,-0.00022127229318071398
0.3405025194193025,0.5951470247072513,0.595280157164862,-0.00022364672500554473
0.3434634108925138,0.6009593123343899,0.6010951757584284,-0.00022602647553619098
0.34642430236572513,0.6067807447818804,0.6069193719286262,-0.00022841114183803405
0.34938519383893646,0.6126113021926127,0.6127527257282023,-0.00023080033698989627
0.3523460853121478,0.6184509647948335,0.618595217295788,-0.00023319368938078222
0.3553069767853591,0.6242997129016017,0.6244468268553501,-0.00023559084204062067
0.35826786825857043,0.6301575269102498,0.6303075347156473,-0.00023799145200619647
0.36122875973178176,0.63602421156032,0.6361771478059566,-0.00024039883570804146
0.3641896512049931,0.6418995276356095,0.6420554296659271,-0.00024281708885895716
0.3671505426782044,0.6477834126929108,0.647942318312906,-0.0002452465528242742
0.37011143415141573,0.6536758487792106,0.6538377956789201,-0.0002476866598715635
0.37307232562462705,0.6595768180147137,0.6597418437699618,-0.0002501368630874172
0.3760332170978384,0.665486302592411,0.6656544446655516,-0.0002525966355186165
0.3789941085710497,0.6714042847776514,0.6715755805183012,-0.00025506546935147604
0.38195500004426103,0.6773307469077163,0.6775052335534822,-0.00025754287513137045
0.38491589151747235,0.683265671391398,0.6834433860685962,-0.0002600283810199093
0.3878767829906837,0.6892090407085807,0.6893900204329492,-0.0002625215320854531
0.390837674463895,0.6951608374098246,0.6953451190872287,-0.00026502188962805335
0.3937985659371063,0.7011210441159532,0.701308664543085,-0.0002675290305361725
0.39675945741031765,0.7070896435176439,0.7072806393827138,-0.00027004254667082326
0.399720348883529,0.7130666183750213,0.7132610262584432,-0.0002725620442795825
0.4026812403567403,0.7190519515172532,0.7192498078923238,-0.0002750871434368986
0.4056421318299516,0.7250456258421504,0.7252469670757216,-0.00027761747750978504
0.40860302330316295,0.731047624315769,0.7312524866689131,-0.0002801526926456146
0.4115639147763743,0.7370579299720152,0.7372663496006853,-0.0002826924472857108
0.4145248062495856,0.7430765259122538,0.7432885388679367,-0.00028523641169787915
0.4174856977227969,0.7491033953049191,0.7493190375352825,-0.0002877842675300468
0.42044658919600825,0.7551385213851287,0.7553578287346624,-0.0002903357073839486
0.42340748066921957,0.761181842098289,0.761404850995269,-0.00029289135298850424
0.4263683721424309,0.7672331223839743,0.7674598724561806,-0.00029545528091338866
0.4293292636156422,0.773292173038864,0.7735227064149776,-0.0002980305221833863
0.43229015508885354,0.7793589789599046,0.7795933376342336,-0.00030061656894113565
0.43525104656206487,0.7854335250993595,0.7856717509327562,-0.00030321292971765575
0.4382119380352762,0.7915157964645346,0.7917579311853024,-0.00030581912884060424
0.4411728295084875,0.797605778117506,0.7978518633222965,-0.00030843470586859736
0.4441337209816989,0.8037034551748479,0.8039535323295505,-0.00031105921504937125
0.4470946124549102,0.8098088128073626,0.8100629232479833,-0.00031369222479887
0.45005550392812155,0.8159218362398126,0.8161800211733453,-0.0003163333172031362
0.45301639540133287,0.8220425107506528,0.822304811255941,-0.00031898208753949837
0.4559772868745442,0.8281708216717648,0.8284372787003556,-0.00032163814381790476
0.4589381783477555,0.8343067543881934,0.8345774087651816,-0.0003243011063392049
0.46189906982096685,0.8404502943378823,0.840725186762748,-0.00032697060727317505
0.46485996129417817,0.8466014270114142,0.8468805980588502,-0.00032964629025144143
0.4678208527673895,0.8527601379517499,0.8530436280724822,-0.0003323278099772384
0.4707817442406008,0.8589264127539697,0.8592142622755695,-0.00033501483185046364
0.47374263571381214,0.8651002370650167,0.865392486192704,-0.0003377070316072167
0.47670352718702347,0.8712815965834402,0.8715782854008807,-0.00034040409497355955
0.4796644186602348,0.8774704770591422,0.877771645529235,-0.00034310571733185604
0.4826253101334461,0.8836668642931236,0.8839725522587825,-0.0003458116034007752
0.48558620160665744,0.8898707441372329,0.8901809913221589,-0.00034852146692685934
0.48854709307986877,0.8960821024939164,0.8963969485033635,-0.0003512350303877771
0.4915079845530801,0.9023009253159684,0.9026204096375023,-0.0003539520247079876
0.4944688760262914,0.908527128878243,0.9088512921259294,-0.0003566735840008512
0.49742976749950274,0.9147604828038467,0.9150893693304639,-0.00035940372343944534
0.5003906589727141,0.9210008270699447,0.9213344837070843,-0.00036214495716808184
0.5033515504459254,0.9272481492816086,0.9275866227064723,-0.00036489683720979327
0.5063124419191367,0.9335024370828345,0.9338457738193162,-0.00036765892838758066
0.509273333392348,0.9397636781564055,0.9401119245761632,-0.0003704308079218624
0.5122342248655594,0.9460318602237565,0.9463850625472721,-0.0003732120650392261
0.5151951163387707,0.9523069710448371,0.9526651753424658,-0.0003760023005983237
0.518156007811982,0.958588998417975,0.9589522506109841,-0.0003788011267273249
0.5211168992851933,0.9648779301797402,0.9652462760413374,-0.000381608166475226
0.5240777907584047,0.9711737542048086,0.9715472393611586,-0.00038442305347461656
0.527038682231616,0.9774764584058249,0.9778551283370577,-0.0003872454316180537
0.5299995737048273,0.9837860307332671,0.9841699307744745,-0.0003900749547441064
0.5329604651780386,0.9901024591753101,0.9904916345175325,-0.00039291128633504093
0.53592135665125,0.99642573175769,0.9968202274488938,-0.0003957540992254605
0.5388822481244613,1.0027558365435674,1.0031556974896119,-0.0003986030753203546
0.5418431395976726,1.0090927616333918,1.0094980325989868,-0.0004014579053231809
0.5448040310708839,1.0154364951647663,1.015847220774421,-0.00040431828847402145
0.5477649225440953,1.0217870253123118,1.0222032500512717,-0.0004071839322942686
0.5507258140173066,1.0281443402875312,1.028566108502709,-0.00041005455234342596
0.5536867054905179,1.0345084283386743,1.0349357842395686,-0.00041292987198067666
0.5566475969637292,1.040879277750603,1.0413122654102105,-0.00041580962213755404
0.5596084884369406,1.0472568768446564,1.0476955402003727,-0.0004186935410953461
0.5625693799101519,1.053641213978515,1.054085596833029,-0.00042158137427275024
0.5655302713833632,1.0600322775460673,1.060482423568245,-0.0004244728740181483
0.5684911628565745,1.0664300559772757,1.066886008703036,-0.00042736779940966564
0.5714520543297859,1.0728345377380408,1.0732963405712233,-0.0004302659160625156
0.5744129458029972,1.0792455633580822,1.0797132627148747,-0.00043316996552998746
0.5773738372762085,1.0856629074452193,1.086136554149762,-0.00043608393689827227
0.5803347287494198,1.0920864935144625,1.0925661396294284,-0.0004390087680445182
0.5832956202226312,1.0985163116586656,1.0990020090714419,-0.0004419440626743126
0.5862565116958425,1.104952351995336,1.1054441524192715,-0.0004448894345854444
0.5892174031690538,1.1113946046666114,1.1118925596422509,-0.00044784450738625435
0.5921782946422651,1.1178430598392346,1.118347220735539,-0.0004508089142232162
0.5951391861154764,1.1242977077045286,1.1248081257200826,-0.0004537822975160308
0.5981000775886878,1.1307585384783685,1.131275264642578,-0.00045676430870507086
0.6010609690618991,1.1372255424011541,1.1377486275754287,-0.00045975460800096174
0.6040218605351104,1.1436987097377806,1.1442282046167056,-0.00046275286414769213
0.6069827520083217,1.1501780307776088,1.150713985890105,-0.0004657587541891061
0.6099436434815331,1.156663495834434,1.1572059615449053,-0.00046877196324423713
0.6129045349547444,1.1631550952464536,1.1637041217559234,-0.00047179218428945003
0.6158654264279557,1.1696528193762346,1.1702084567234707,-0.0004748191179475328
0.618826317901167,1.1761566586106798,1.176718956673308,-0.0004778524722827412
0.6217872093743784,1.1826666033609932,1.1832356118565988,-0.000480891962601405
0.6247481008475897,1.1891826440626436,1.1897584125498641,-0.00048393731126182484
0.627708992320801,1.1957047711753297,1.1962873490549335,-0.00048698824748422153
0.6306698837940123,1.202232975182941,1.2028224116988986,-0.0004900445071729394
0.6336307752672238,1.2087672465935224,1.209363590834064,-0.0004931058327383469
0.6365916667404351,1.2153075759392322,1.215910876837897,-0.000496171972927596
0.6395525582136464,1.2218539537763056,1.2224642601129803,-0.0004992426826599318
0.6425134496868578,1.2284063706850121,1.229023731086958,-0.0005023177228644186
0.6454743411600691,1.234964817269617,1.2355892802124884,-0.0005053968603255751
0.6484352326332804,1.2415292841583374,1.242160897967189,-0.0005084798675318275
0.6513961241064917,1.2480997620033016,1.2487385748535869,-0.0005115665225286403
0.654357015579703,1.2546762414805048,1.2553223013990642,-0.000514656608776355
0.6573179070529144,1.2612587132897672,1.261912068155807,-0.0005177499150115191
0.6602787985261257,1.2678471681546877,1.2685078657007491,-0.0005208462351129995
0.663239689999337,1.2744414421954111,1.275109533970639,-0.0005239485373053122
0.6662005814725483,1.281041314927733,1.2817168577426097,-0.0005270608799406494
0.6691614729457597,1.2876467214455973,1.2883297733784551,-0.0005301840778441206
0.672122364418971,1.2942576540666186,1.294948272997892,-0.0005333177746741917
0.6750832558921823,1.300874105121165,1.3015723487348039,-0.000536461622219951
0.6780441473653936,1.3074960669524163,1.308201992737285,-0.0005396152801996891
0.681005038838605,1.3141235319164293,1.3148371971676909,-0.0005427784160646758
0.6839659303118163,1.320756492382193,1.3214779542026796,-0.0005459507048089868
0.6869268217850276,1.3273949407316892,1.3281242560332573,-0.0005491318287841773
0.6898877132582389,1.3340388693599434,1.334776094864818,-0.00055232147752032
0.6928486047314503,1.3406882706750827,1.3414334629171847,-0.000555519347550387
0.6958094962046616,1.3473431370983842,1.348096352424646,-0.0005587251422401855
0.6987703876778729,1.3540034610643268,1.3547647556359959,-0.0005619385716243248
0.7017312791510842,1.360669235020639,1.3614386648145649,-0.0005651593522434612
0.7046921706242956,1.3673404514283467,1.3681180722382578,-0.0005683872069892802
0.7076530620975069,1.3740171027618153,1.3748029701995828,-0.0005716218649522871
0.7106139535707182,1.3806991815087981,1.3814933510056857,-0.0005748630612731261
0.7135748450439295,1.3873866801704735,1.3881892069783761,-0.0005781105369990856
0.7165357365171409,1.3940795912614892,1.394890530454159,-0.0005813640389441911
0.7194966279903522,1.4007779073099982,1.401597313784258,-0.0005846233195519933
0.7224575194635635,1.4074816208576995,1.4083095493346447,-0.0005878881367639617
0.7254184109367748,1.4141907244598717,1.41502722948606,-0.0005911582538889241
0.7283793024099862,1.4209052106854092,1.4217503466340395,-0.0005944334394791443
0.7313401938831975,1.4276250721168546,1.428478893188933,-0.0005977134672058415
0.7343010853564088,1.4343503013504324,1.4352128615759279,-0.000600998115741757
0.7372619768296201,1.441080890996077,1.4419522442350654,-0.0006042871686437774
0.7402228683028315,1.4478168336774657,1.4486970336212623,-0.0006075804142405222
0.7431837597760428,1.4545581220320434,1.4554472222043253,-0.0006108776455221574
0.7461446512492541,1.461304748711052,1.4622028024689688,-0.0006141786600329736
0.7491055427224654,1.468056706379554,1.4689637669148288,-0.0006174832597674112
0.7520664341956768,1.47481398771646,1.475730108056478,-0.0006207912510671677
0.7550273256688881,1.4815765854145488,1.4825018184234373,-0.0006241024445234121
0.7579882171420994,1.4883444921804916,1.489278890560189,-0.0006274166548791752
0.7609491086153107,1.4951177007348717,1.4960613170261867,-0.0006307337009359298
0.7639100000885221,1.5018960632548193,1.50284895424149,-0.0006340563926809712
0.7668708915617334,1.5086793639711487,1.5096415928019327,-0.0006373889242135186
0.7698317830349447,1.5154675285592243,1.516439160309295,-0.000640732431278404
0.772792674508156,1.5222605512922083,1.5232416508144493,-0.0006440865910648108
0.7757535659813674,1.5290584264465334,1.5300490583731177,-0.0006474510873772535
0.7787144574545787,1.535861148302024,1.5368613770459754,-0.0006508256104880472
0.78167534892779,1.5426687111420168,1.5436786008987582,-0.0006542098569957872
0.7846362404010013,1.5494811092534782,1.5505007240023616,-0.0006576035296852298
0.7875971318742127,1.5562983369271213,1.5573277404329442,-0.0006610063373922464
0.790558023347424,1.5631203884575176,1.5641596442720227,-0.0006644179948708675
0.7935189148206353,1.5699472581432097,1.5709964296065713,-0.0006678382226650467
0.7964798062938466,1.5767789402868182,1.5778380905291127,-0.0006712667469824808
0.799440697767058,1.583615429195152,1.5846846211378138,-0.000674703299571409
0.8024015892402693,1.5904567191793095,1.5915360155365728,-0.0006781476176015727
0.8053624807134806,1.5973028045547848,1.598392267835111,-0.0006815994435469877
0.8083233721866919,1.6041536796415652,1.6052533721490563,-0.0006850585250718775
0.8112842636599032,1.6110093387642344,1.6121193226000314,-0.0006885246149192565
0.8142451551331146,1.6178697762520642,1.6189901133157343,-0.0006919974708033369
0.8172060466063259,1.6247349864391145,1.6258657384300224,-0.0006954768553027781
0.8201669380795372,1.6316049636643226,1.6327461920829884,-0.0006989625357569431
0.8231278295527485,1.6384797022715978,1.6396314684210438,-0.0007024542841661573
0.8260887210259599,1.6453591966099077,1.6465215615969895,-0.0007059518770919579
0.8290496124991712,1.6522434410333686,1.6534164657700958,-0.0007094550955622989
0.8320105039723825,1.6591324299013304,1.660316175106171,-0.0007129637249754326
0.8349713954455938,1.6660261575784605,1.667220683777638,-0.0007164775550114269
0.8379322869188052,1.6729246184348268,1.6741299859635994,-0.0007199963795397055
0.8408931783920165,1.679827806845979,1.6810440758499101,-0.0007235199965331589
0.8438540698652278,1.6867357171930268,1.6879629476292413,-0.000727048207982336
0.8468149613384391,1.6936483438627197,1.6948865955011494,-0.0007305808198120721
0.8497758528116505,1.7005656812475194,1.7018150136721364,-0.0007341176418001038
0.8527367442848618,1.7074877237456785,1.7087481963557174,-0.0007376584874981327
0.8556976357580731,1.71441446576131,1.7156861377724764,-0.0007412031741524352
0.8586585272312844,1.7213459017044621,1.722628832150132,-0.000744751522629826
0.8616194187044958,1.7282820259911842,1.7295762737235911,-0.0007483033573422947
0.8645803101777071,1.7352228330435995,1.736528456735011,-0.0007518585061752036
0.8675412016509184,1.742168317289969,1.7434853754338504,-0.0007554168004155252
0.8705020931241297,1.749118473164759,1.7504470240769292,-0.0007589780746839178
0.8734629845973411,1.756073295108705,1.757413396928478,-0.0007625421668658719
0.8764238760705524,1.7630327775688743,1.7643844882601936,-0.0007661089180466051
0.8793847675437637,1.7699968160410606,1.771360197239589,-0.0007696803849679676
0.882345659016975,1.7769651990245436,1.7783403201896837,-0.0007732609723392947
0.8853065504901865,1.7839378147120724,1.785324749243384,-0.0007768528005335366
0.8882674419633978,1.790914659055532,1.7923134801035512,-0.0007804555751811461
0.8912283334366091,1.797895728002991,1.799306508470971,-0.0007840690073303838
0.8941892249098204,1.8048810174988565,1.8063038300444927,-0.0007876928133408742
0.8971501163830318,1.8118705234840298,1.813305440521167,-0.0007913267147783221
0.9001110078562431,1.8188642418960592,1.8203113355963825,-0.0007949704383119428
0.9030718993294544,1.8258621686692902,1.8273215109639995,-0.0007986237156150314
0.9060327908026657,1.832864299735014,1.834335962316481,-0.0008022862832654412
0.9089936822758771,1.8398706310216115,1.8413546853450218,-0.0008059578826510453
0.9119545737490884,1.8468811584546987,1.8483776757396768,-0.000809638259875248
0.9149154652222997,1.853895877957266,1.855404929189486,-0.0008133271656657814
0.917876356695511,1.8609147854498185,1.8624364413825971,-0.0008170243552843217
0.9208372481687224,1.8679378768505113,1.8694722080063872,-0.0008207295884394
0.9237981396419337,1.8749651480752854,1.8765122247475827,-0.0008244426292002806
0.926759031115145,1.8819965950379993,1.8835564872923753,-0.0008281632459127268
0.9297199225883563,1.8890322136505602,1.8906049913265397,-0.0008318912111175497
0.9326808140615677,1.8960719998230513,1.8976577325355448,-0.0008356263014694157
0.935641705534779,1.9031159494638588,1.9047147066046672,-0.000839368297658822
0.9386025970079903,1.9101640584797963,1.911775909219101,-0.0008431169843347262
0.9415634884812016,1.917216322776227,1.918841336064065,-0.0008468721500294351
0.944524379954413,1.9242727382571843,1.9259109828249108,-0.0008506335870848918
0.9474852714276243,1.9313333008254903,1.9329848451872262,-0.0008544010915802152
0.9504461629008356,1.9383980063828727,1.940062918836939,-0.0008581744632613778
0.9534070543740469,1.9454668508300792,1.9471451994604176,-0.000861953505472288
0.9563679458472583,1.9525398300669912,1.954231682744572,-0.0008657380250865617
0.9593288373204696,1.959616939992735,1.9613223643769508,-0.0008695278324415555
0.9622897287936809,1.966698176505791,1.9684172400458384,-0.0008733227412738166
0.9652506202668922,1.973783535504102,1.9755163054403493,-0.0008771225686547947
0.9682115117401036,1.9808730128851788,1.9826195562505218,-0.0008809271349294993
0.9711724032133149,1.9879666045462048,1.9897269881674104,-0.0008847362636554641
0.9741332946865262,1.9950643063841396,1.9968385968831752,-0.0008885497815422398
0.9770941861597375,2.0021661142958185,2.0039543780911706,-0.0008923675183940599
0.9800550776329489,2.0092720241780535,2.011074327486035,-0.0008961893070528464
0.9830159691061602,2.0163820319277304,2.018198440763773,-0.0009000149833408892
0.9859768605793715,2.023496133441906,2.025326713621844,-0.0009038443860073742
0.9889377520525828,2.0306143246179036,2.0324591417592424,-0.0009076773566734277
0.9918986435257942,2.0377366013534033,2.039595720876579,-0.0009115137397801768
0.9948595349990055,2.044862959546537,2.046736446676166,-0.000915353382538017
0.9978204264722168,2.0519933950959786,2.0538813148620902,-0.0009191961348742568
1.0007813179454281,2.0591279039010306,2.061030321140295,-0.0009230418493852046
1.0037422094186395,2.066266481861715,2.0681834612186543,-0.0009268903812863736
1.0067031008918508,2.0734091248788564,2.075340730807049,-0.000930741588366196
1.009663992365062,2.080555828854168,2.0825021256174407,-0.0009345953309391176
1.0126248838382734,2.087706589690337,2.089667641363946,-0.0009384514717991478
1.0155857753114848,2.094861257760099,2.0968371353634665,-0.0009423133394788402
1.018546666784696,2.102019625321428,2.1040104096571013,-0.0009461855923031781
1.0215075582579074,2.1091816310168445,2.111187405486631,-0.0009500693612390253
1.0244684497311187,2.1163472721962,2.118368119924065,-0.0009539643789284312
1.02742934120433,2.1235165462007997,2.125552550034758,-0.0009578703824213225
1.0303902326775414,2.1306894503635743,2.1327406928775647,-0.0009617871130985292
1.0333511241507527,2.137865982009247,2.139932545504991,-0.0009657143165960356
1.036312015623964,2.1450461384544974,2.147128104963337,-0.0009696517427287731
1.0392729070971753,2.1522299170081234,2.1543273682928437,-0.0009735991454178858
1.0422337985703867,2.159417314971203,2.161530332527835,-0.0009775562826181017
1.045194690043598,2.1666083296372514,2.168736994696862,-0.000981522916248488
1.0481555815168093,2.1738029582923786,2.1759473518228387,-0.0009854988121214133
1.0511164729900206,2.18100119821544,2.1831614009231797,-0.000989483739876674
1.054077364463232,2.1882030466781903,2.190379139009936,-0.0009934774729133727
1.0570382559364433,2.195408500945433,2.19760056308993,-0.0009974797883262685
1.0599991474096546,2.2026175582751697,2.204825670164883,-0.0010014904668396542
1.062960038882866,2.209830215918741,2.2120544572315497,-0.0010055092927470477
1.0659209303560773,2.2170464711209723,2.219286921281841,-0.0010095360538485653
1.0688818218292886,2.224266321120319,2.226523059302954,-0.001013570541390018
1.0718427133025,2.2314897631490016,2.233762868277496,-0.0010176125500050896
1.0748036047757112,2.2387167944331443,2.2410063451836053,-0.001021661877656762
1.0777644962489226,2.2459474121929124,2.248253486995072,-0.0010257183255797844
1.080725387722134,2.253181613642646,2.255504290681459,-0.0010297816982255414
1.0836862791953452,2.2604193959909917,2.262758753208221,-0.0010338518032080954
1.0866471706685565,2.267660756441033,2.270016871536816,-0.0010379284512488332
1.0896080621417679,2.2749056921904196,2.277278642624821,-0.0010420114561238447
1.0925689536149792,2.282154200431493,2.284544063426049,-0.0010461006346151377
1.0955298450881905,2.289406278351415,2.291813130890656,-0.001050195806455541
1.0984907365614018,2.2966619231322865,2.2990858419652502,-0.0010542967942822968
1.1014516280346132,2.3039211319512725,2.306362193593002,-0.0010584034235866441
1.1044125195078245,2.3111839019807223,2.3136421827137514,-0.0010625155226663934
1.1073734109810358,2.318450230388287,2.320925806264113,-0.0010666329225797017
1.1103343024542471,2.3257201143370354,2.328213061177576,-0.0010707554570971712
1.1132951939274585,2.332993550985572,2.335503944384611,-0.0010748829626578112
1.1162560854006698,2.340270537488149,2.342798452812769,-0.0010790152783246231
1.119216976873881,2.34755107099478,2.3500965833867817,-0.0010831522457401884
1.1221778683470924,2.3548351486513486,2.3573983330286574,-0.0010872937090847124
1.1251387598203038,2.3621227675997183,2.364703698657779,-0.0010914395150334695
1.128099651293515,2.369413924977842,2.3720126771910017,-0.0010955895127159048
1.1310605427667264,2.376708617919866,2.379325265542744,-0.0010997435536754334
1.1340214342399377,2.3840068435562376,2.3866414606250803,-0.0011039014918280553
1.136982325713149,2.391308599013803,2.3939612593478343,-0.001108063183425939
1.1399432171863604,2.3986138814159172,2.4012846586186694,-0.0011122284870168043
1.1429041086595717,2.405922687882538,2.4086116553431753,-0.0011163972634078629
1.145865000132783,2.413235015530328,2.415942246424957,-0.0011205693756277876
1.1488258916059944,2.420550861472753,2.423276428765721,-0.001124744688890599
1.1517867830792057,2.427870222820178,2.430614199265363,-0.0011289230705616147
1.154747674552417,2.4351930966799613,2.437955554822048,-0.0011331043901201398
1.1577085660256283,2.4425194801565504,2.4453004923322954,-0.0011372885191269512
1.1606694574988397,2.449849370351573,2.45264900869106,-0.0011414753311894251
1.163630348972051,2.4571827643639303,2.460001100791814,-0.0011456647019290388
1.1665912404452623,2.464519659289887,2.467356765526626,-0.0011498565089486925
1.1695521319184736,2.4718600522231573,2.4747159997862385,-0.0011540506318009234
1.172513023391685,2.4792039402549957,2.4820788004601453,-0.0011582469519568182
1.1754739148648963,2.486551256412335,2.4894451044086843,-0.0011624470012311318
1.1784348063381076,2.4939017953293905,2.4968147188061702,-0.001166655841476506
1.181395697811319,2.501255416301676,2.504187511404117,-0.0011708768169670185
1.1843565892845302,2.5086121178128526,2.5115634803742157,-0.0011751096814496345
1.1873174807577416,2.515971898335265,2.51894262387889,-0.0011793541922961754
1.190278372230953,2.5233347563300996,2.526324940071442,-0.0011836101104466912
1.1932392637041642,2.530700690247551,2.533710427096195,-0.0011878772003528762
1.1962001551773755,2.5380696985269813,2.5410990830886364,-0.0011921552299224009
1.1991610466505869,2.5454417795970814,2.5484909061755605,-0.0011964439704651873
1.2021219381237982,2.552816931876026,2.5558858944752054,-0.001200743196640032
1.2050828295970095,2.5601951537716263,2.5632840460973885,-0.0012050526864024304
1.2080437210702208,2.5675764436814865,2.570685359143645,-0.0012093722209528927
1.2110046125434322,2.5749607999931543,2.5780898317073606,-0.0012137015846860864
1.2139655040166435,2.5823482210842688,2.5854974618739024,-0.0012180405651418217
1.2169263954898548,2.5897387053227083,2.592908247720751,-0.0012223889529561288
1.2198872869630661,2.597132251066736,2.6003221873176274,-0.0012267465418129432
1.2228481784362775,2.604528856665145,2.6077392787266227,-0.0012311131283972345
1.2258090699094888,2.611928520457399,2.615159520002322,-0.001235488512348878
1.2287699613827001,2.619331240773773,2.622582909191929,-0.0012398724962169115
1.2317308528559114,2.6267370159354915,2.6300094443353874,-0.0012442648854148499
1.2346917443291228,2.634145844254866,2.637439123465505,-0.0012486654881768667
1.237652635802334,2.6415577240354313,2.6448719446080706,-0.0012530741155146626
1.2406135272755454,2.6489726535720775,2.652307905781971,-0.0012574905811738334
1.2435744187487567,2.6563906311511807,2.659747004999312,-0.001261914701594757
1.246535310221968,2.663811655050738,2.6671892402655297,-0.0012663462958689231
1.2494962016951794,2.671235723540493,2.6746346095795066,-0.0012707851856997622
1.2524570931683907,2.6786628348820622,2.682083110933682,-0.0012752311953632494
1.255417984641602,2.686092987329063,2.689534742314163,-0.0012796841516681226
1.2583788761148134,2.6935261791272365,2.6969895017008385,-0.0012841438839186895
1.2613397675880247,2.700962408514572,2.704447387067482,-0.0012886102238760693
1.2643006590612362,2.708401673721426,2.71190839638186,-0.001293083005721175
1.2672615505344476,2.715843972970642,2.7193725276058394,-0.001297562066019728
1.2702224420076589,2.7232893044776696,2.7268397786954903,-0.0013020472436848728
1.2731833334808702,2.730737666450684,2.7343101476011897,-0.001306538379941986
1.2761442249540815,2.7381890570906964,2.7417836322677247,-0.0013110353182957978
1.2791051164272929,2.7456434745916702,2.7492602306343894,-0.00131553790449462
1.2820660079005042,2.7531009171406353,2.756739940635087,-0.001320045986497204
1.2850268993737155,2.7605613829177975,2.764222760198428,-0.0013245594144401008
1.2879877908469268,2.768024870096649,2.771708687247826,-0.001329078040605668
1.2909486823201382,2.775491376844077,2.7791977197015942,-0.0013336017193894387
1.2939095737933495,2.7829609013204712,2.7866898554730386,-0.0013381303072689324
1.2968704652665608,2.7904334416798293,2.7941850924705536,-0.0013426636627737272
1.2998313567397721,2.797908996069864,2.801683428597713,-0.0013472016464537537
1.3027922482129835,2.8053875626321036,2.8091848617533612,-0.0013517441208505928
1.3057531396861948,2.812869139501994,2.8166893898317027,-0.0013562909504682497
1.308714031159406,2.8203537248090043,2.8241970107223926,-0.0013608420017430997
1.3116749226326174,2.8278413166767224,2.831707722310623,-0.0013653971430164756
1.3146358141058287,2.8353319132229537,2.8392215224772106,-0.0013699562445071858
1.31759670557904,2.842825512559821,2.846738409098682,-0.001374519178282876
1.3205575970522514,2.8503221127938594,2.8542583800473578,-0.001379085818233832
1.3235184885254627,2.8578217120261122,2.861781433191439,-0.0013836560400459232
1.326479379998674,2.865324308352223,2.8693075663950856,-0.001388229721175179
1.3294402714718854,2.8728298998625306,2.8768367775185,-0.0013928067408210353
1.3324011629450967,2.8803384846421602,2.884369064418011,-0.0013973869799022768
1.335362054418308,2.887850060771114,2.8919044249461474,-0.0014019703210311808
1.3383229458915193,2.8953646263243615,2.89944285695172,-0.0014065566484886432
1.3412838373647307,2.902882179371925,2.9069843582798995,-0.0014111458482019559
1.344244728837942,2.9104027179789727,2.9145289267722934,-0.0014157378077184822
1.3472056203111533,2.9179262402059,2.922076560267021,-0.0014203324161847276
1.3501665117843646,2.925452744108417,2.9296272565987866,-0.001424929564321465
1.353127403257576,2.9329822277376327,2.9371810135989582,-0.0014295291444025365
1.3560882947307873,2.9405146891401386,2.944737829095636,-0.0014341310502315506
1.3590491862039986,2.948050126358092,2.9522977009137286,-0.00143873517712056
1.36201007767721,2.955588537429294,2.9598606268750207,-0.0014433414218685927
1.3649709691504213,2.9631299203872734,2.967426604798245,-0.0014479496827398907
1.3679318606236326,2.970674273261366,2.9749956324991524,-0.0014525598594430473
1.370892752096844,2.9782215492334165,2.982567666653524,-0.0014571731158689086
1.3738536435700552,2.9857715436846752,2.990142519169976,-0.0014617950339417495
1.3768145350432666,2.9933240973718678,2.9977200435674236,-0.001466429863918999
1.3797754265164779,3.0008792096590566,3.005300238858149,-0.0014710773792012256
1.3827363179896892,3.008436879897988,3.0128831040443234,-0.0014757373561447118
1.3856972094629005,3.0159971074282357,3.0204686381181367,-0.0014804095740212535
1.3886581009361119,3.0235598915773485,3.0280568400619208,-0.001485093814976179
1.3916189924093232,3.0311252316609956,3.035647708848277,-0.0014897898639882712
1.3945798838825345,3.0386931269831052,3.043241243440199,-0.0014944975088312736
1.3975407753557458,3.046263576836005,3.050837442791193,-0.0014992165400341876
1.4005016668289572,3.0538365805005614,3.0584363058453983,-0.0015039467508431391
1.4034625583021685,3.061412137246318,3.0660378315377086,-0.0015086879371839187
1.4064234497753798,3.068990246331632,3.073642018793889,-0.0015134398976243198
1.4093843412485911,3.076570907003801,3.0812488665306907,-0.0015182024333388736
1.4123452327218025,3.0841541184992054,3.0888583736559667,-0.0015229753480711936
1.4153061241950138,3.0917398800434337,3.096470539068789,-0.0015277584481001348
1.418267015668225,3.0993281908514136,3.104085361659559,-0.0015325515422044218
1.4212279071414364,3.1069190501275403,3.111702840310116,-0.0015373544416274717
1.4241887986146478,3.114512457065803,3.1193229738938513,-0.0015421669600449773
1.427149690087859,3.122108410849911,3.126945761275816,-0.0015469889135305206
1.4301105815610704,3.1297069106534177,3.1345712013128297,-0.0015518201205239168
1.4330714730342817,3.137307955639842,3.142199292853584,-0.001556660401797594
1.436032364507493,3.1449115449627913,3.14983003473875,-0.0015615095804261004
1.4389932559807044,3.15251767776608,3.157463425801083,-0.0015663674817541987
1.4419541474539157,3.1601263531838506,3.1650994648655266,-0.001571233933366234
1.444915038927127,3.1677375703406883,3.172738150749309,-0.0015761087650550745
1.4478759304003384,3.175351328351738,3.180379482262048,-0.001580991808793146
1.4508368218735497,3.1829676263228204,3.1880234582058535,-0.0015858828987031556
1.453797713346761,3.1905864633505447,3.1956700773754205,-0.0015907818710280994
1.4567586048199723,3.1982078385224195,3.2033193385581282,-0.0015956885641034725
1.4597194962931836,3.205831750916966,3.210971240534137,-0.0016006028183286041
1.462680387766395,3.2134581996038274,3.2186257820764848,-0.0016055244761394767
1.4656412792396063,3.2210871836438786,3.2262829619511812,-0.00161045338198122
1.4686021707128176,3.22871870208933,3.2339427789172968,-0.0016153893822808331
1.471563062186029,3.2363527539838364,3.2416052317270596,-0.0016203323254216332
1.4745239536592403,3.2439893383626037,3.2492703191259467,-0.0016252820617164035
1.4774848451324516,3.2516284542524927,3.2569380398527716,-0.0016302384433813056
1.480445736605663,3.259270100672117,3.264608392639773,-0.0016352013245114936
1.4834066280788742,3.26691427663195,3.2722813762127063,-0.0016401705610560955
1.4863675195520856,3.274560981134425,3.2799569892909304,-0.0016451460107932544
1.489328411025297,3.2822102131740336,3.2876352305874907,-0.0016501275333053599
1.4922893024985082,3.289861971737424,3.2953160988092076,-0.001655114989956353
1.4952501939717195,3.2975162558034987,3.302999592656759,-0.0016601082438674458
1.4982110854449309,3.3051730643435118,3.310685710824766,-0.0016651071598943606
1.5011719769181422,3.3128323963211654,3.318374452001875,-0.001670111604603929
1.5041328683913535,3.320494250692699,3.326065814870836,-0.0016751214462523295
1.5070937598645648,3.3281586264069887,3.333759798108588,-0.0016801365547622713
1.5100546513377762,3.3358255224056363,3.341456400386336,-0.0016851568017014033
1.5130155428109875,3.3434949376230625,3.3491556203696335,-0.0016901820602610001
1.5159764342841988,3.3511668709865945,3.356857456718456,-0.0016952122052345249
1.5189373257574101,3.358841321416557,3.3645619080872806,-0.0017002471129965986
1.5218982172306215,3.366518287826362,3.372268973125163,-0.0017052866614823683
1.5248591087038328,3.3741977691225946,3.3799786504758154,-0.0017103307301680572
1.5278200001770441,3.3818797642050997,3.3876909387776744,-0.0017153792000492764
1.5307808916502554,3.3895642719670662,3.395405836663982,-0.0017204319536232669
1.5337417831234668,3.397251291295117,3.403123342762856,-0.0017254888748674568
1.536702674596678,3.404940821069386,3.410843455697364,-0.001730549849222323
1.5396635660698894,3.4126328601636065,3.4185661740855906,-0.0017356147635700554
1.5426244575431007,3.4203274074451873,3.426291496540714,-0.0017406835062189294
1.545585349016312,3.4280244617753013,3.434019421671073,-0.0017457559668821862
1.5485462404895234,3.4357240220089613,3.441749948080238,-0.001750832036661438
1.5515071319627347,3.4434260869950974,3.4494830743670772,-0.0017559116080287335
1.554468023435946,3.4511306555766406,3.457218799125826,-0.001760994574808206
1.5574289149091574,3.4588377265905974,3.464957120946156,-0.0017660808321597436
1.5603898063823687,3.4665472988681287,3.472698038413238,-0.0017711702765610738
1.56335069785558,3.4742593712346226,3.48044155010781,-0.0017762628057913469
1.5663115893287913,3.481973942509772,3.4881876546062403,-0.0017813583189146649
1.5692724808020027,3.4896910115076514,3.4959363504805947,-0.0017864567162628017
1.572233372275214,3.4974105770367867,3.5036876362986984,-0.0017915578994201619
1.5751942637484253,3.5051326379002288,3.511441510624198,-0.0017966617712074097
1.5781551552216366,3.5128571928956265,3.519197972016625,-0.0018017682356656758
1.581116046694848,3.5205842408153,3.5269570190314568,-0.0018068771980404542
1.5840769381680593,3.528313780446308,3.53471865022018,-0.001811988564768336
1.5870378296412706,3.536045810570519,3.542482864130347,-0.0018171022434595185
1.589998721114482,3.5437803299646795,3.5502496593056363,-0.0018222181428846525
1.5929596125876933,3.5515173374004867,3.5580190342859153,-0.001827336172959355
1.5959205040609046,3.5592568316446505,3.565790987607295,-0.0018324562447304075
1.598881395534116,3.5669988114589635,3.5735655178021863,-0.0018375782703605016
1.6018422870073272,3.5747432756003668,3.5813426233993617,-0.001842702163115281
1.6048031784805386,3.5824902228210154,3.5891223029240096,-0.0018478278373492993
1.6077640699537499,3.590239651868345,3.59690455489779,-0.0018529552084915332
1.6107249614269612,3.597991561485132,3.604689377838889,-0.0018580841930331642
1.6136858529001725,3.605745950409561,3.612476770262076,-0.0018632147085132916
1.6166467443733838,3.613502689470142,3.620266616998614,-0.0018683506614437541
1.6196076358465952,3.621261572129625,3.628058734103443,-0.0018734983284381078
1.6225685273198065,3.629022520458639,3.635853051917945,-0.0018786599353081848
1.6255294187930178,3.6367855344736935,3.6436495700580194,-0.0018838352734938263
1.6284903102662291,3.6445506141793693,3.6514482881299983,-0.0018890241368203769
1.6314512017394405,3.6523177595684344,3.6592492057307484,-0.0018942263214701718
1.6344120932126518,3.6600869706219634,3.6670523224477676,-0.0018994416259527937
1.6373729846858631,3.667858247309457,3.674857637859288,-0.0019046698510770134
1.6403338761590744,3.675631589588961,3.6826651515343736,-0.001909910799922224
1.6432947676322858,3.6834069974071775,3.6904748630330175,-0.001915164277810939
1.646255659105497,3.6911844706995818,3.698286771906237,-0.0019204300922814976
1.6492165505787084,3.6989640093905356,3.7061008776961692,-0.0019257080530603779
1.6521774420519197,3.7067456133934007,3.7139171799361677,-0.001930997972036151
1.655138333525131,3.714529282610649,3.7217356781508926,-0.001936299663232436
1.6580992249983424,3.72231501693397,3.729556371856406,-0.0019416129427833157
1.6610601164715537,3.7301028162443832,3.7373792605602607,-0.0019469376289059546
1.664021007944765,3.7378926804123456,3.7452043437615936,-0.001952273541876859
1.6669818994179764,3.745684609297858,3.753031620951214,-0.0019576205040056954
1.6699427908911877,3.7534786027505693,3.7608610916116927,-0.0019629783396120175
1.672903682364399,3.761274660609881,3.768692755217449,-0.001968346875000256
1.6758645738376103,3.7690727827050536,3.776526611234841,-0.001973725938435831
1.6788254653108217,3.7768729688553093,3.7843626591222472,-0.00197911536012119
1.681786356784033,3.7846752188699293,3.792200898330156,-0.0019845149721736425
1.6847472482572443,3.792479532548357,3.8000413283012455,-0.001989924608601242
1.6877081397304556,3.8002859096802992,3.8078839484704736,-0.0019953441052809216
1.690669031203667,3.808094350045822,3.8157287582651556,-0.002000773299935606
1.6936299226768783,3.8159048534154505,3.823575757105048,-0.0020062120321124037
1.6965908141500896,3.823717419550261,3.8314249444024284,-0.0020116601431610518
1.699551705623301,3.831532048201984,3.839276319562179,-0.0020171174762117906
1.7025125970965123,3.839348739113093,3.8471298819818642,-0.0020225838761551212
1.7054734885697236,3.8471674920169012,3.854985631051809,-0.002028059189620061
1.708434380042935,3.854988306637651,3.862843566155176,-0.0020335432649537986
1.7113952715161462,3.8628111826906117,3.8707036866680453,-0.0020390359522011224
1.7143561629893576,3.870636119882166,3.8785659919594915,-0.0020445371030851185
1.7173170544625689,3.878463117909902,3.8864304813916557,-0.0020500465709863682
1.7202779459357802,3.8862921764626983,3.8942971543198226,-0.0020555642109243285
1.7232388374089915,3.8941232952208216,3.9021660100924964,-0.002061089879536982
1.7261997288822029,3.901956473856006,3.9100370480514712,-0.0020666234350623135
1.7291606203554142,3.9097917120315437,3.9179102675319064,-0.002072164737319766
1.7321215118286255,3.9176290094023662,3.925785667862396,-0.0020777136476915698
1.7350824033018368,3.9254683656151377,3.933663248365043,-0.002083270029103601
1.7380432947750482,3.933309780308331,3.9415430083555294,-0.002088833746008937
1.7410041862482595,3.941153253112314,3.949424947143184,-0.00209440466436845
1.7439650777214708,3.9489987836494347,3.957309064031053,-0.002099982651633745
1.7469259691946821,3.9568463715340996,3.96519535831597,-0.002105567576729959
1.7498868606678935,3.9646960163728564,3.9730838292886235,-0.0021111593100387456
1.7528477521411048,3.972547717764472,3.980974476233622,-0.0021167577233810117
1.755808643614316,3.9804014753000136,3.988867298429563,-0.002122362690000284
1.7587695350875274,3.9882572885629304,3.996762295149097,-0.0021279740845457093
1.7617304265607387,3.996115157129125,4.004659465658997,-0.0021335917830571267
1.76469131803395,4.003975080567035,4.0125588092202165,-0.0021392156629473197
1.7676522095071614,4.011837058437708,4.020460325087958,-0.002144845602987443
1.770613100980373,4.019701090294879,4.028364012511739,-0.002150481483290516
1.7735739924535843,4.02756717568504,4.036269870735448,-0.0021561231852968658
1.7765348839267956,4.035435314147523,4.044177898997412,-0.002161770591757741
1.779495775400007,4.043305505214564,4.052088096530457,-0.002167423586721418
1.7824566668732182,4.051177748411383,4.060000462561965,-0.0021730820555166132
1.7854175583464296,4.059052043256253,4.067914996313943,-0.0021787458847397816
1.788378449819641,4.066928389260572,4.075831697003076,-0.0021844149622395133
1.7913393412928522,4.074806785928932,4.083750563840785,-0.0021900891771021815
1.7943002327660635,4.082687232759192,4.091671596033294,-0.002195768419638398
1.7972611242392749,4.090569729242545,4.099594792781678,-0.0022014525813683202
1.8002220157124862,4.098454274863588,4.10752015328193,-0.002207141555008192
1.8031829071856975,4.10634086910039,4.115447676725012,-0.0022128352344570374
1.8061437986589088,4.114229511424557,4.123377362296909,-0.0022185335147828483
1.8091046901321202,4.1221202013013025,4.131309209178696,-0.0022242362922091346
1.8120655816053315,4.130012938189514,4.139243216546581,-0.0022299434641020514
1.8150264730785428,4.137907721541812,4.147179383571968,-0.0022356549289580933
1.8179873645517541,4.145804550804622,4.155117709421507,-0.00224137058638978
1.8209482560249655,4.153703425418235,4.16305819325715,-0.002247090337114911
1.8239091474981768,4.161604344816873,4.171000834236207,-0.00225281408294274
1.826870038971388,4.169507308428751,4.178945631511389,-0.0022585417267617894
1.8298309304445994,4.177412315676139,4.186892584230871,-0.002264273172528423
1.8327918219178108,4.185319365975423,4.194841691538339,-0.002270008325254278
1.835752713391022,4.193228458737173,4.202792952573042,-0.002275747090994245
1.8387136048642334,4.201139593366193,4.210746366469842,-0.002281489376835428
1.8416744963374447,4.2090527692615884,4.218701932359266,-0.0022872350908851634
1.844635387810656,4.216967985816824,4.226659649367553,-0.002292984142259795
1.8475962792838674,4.224885242419784,4.234619516616709,-0.002298736441072733
1.8505571707570787,4.232804538452828,4.242581533224548,-0.0023044918984241013
1.85351806223029,4.240725873292847,4.2505456983047445,-0.0023102504263896586
1.8564789537035014,4.24864924631133,4.258512010966885,-0.0023160119380092096
1.8594398451767127,4.25657465687441,4.26648047031651,-0.002321776347277012
1.862400736649924,4.264502104342926,4.274451075455162,-0.0023275435691299993
1.8653616281231353,4.272431588072476,4.282423825480436,-0.0023333135194386107
1.8683225195963467,4.2803631074134785,4.29039871948602,-0.002339086114994827
1.871283411069558,4.288296661711218,4.298375756561745,-0.002344861273503214
1.8742443025427693,4.296232250305905,4.306354935793628,-0.002350638913570626
1.8772051940159806,4.304169872532729,4.3143362562639185,-0.002356418954695387
1.880166085489192,4.312109527721909,4.322319717051142,-0.002362201317259059
1.8831269769624033,4.320051215198754,4.330305317230146,-0.0023679859225148037
1.8860878684356146,4.327994934283702,4.338293055872138,-0.0023737726925793508
1.889048759908826,4.335940684292383,4.346282932044735,-0.002379561550422791
1.8920096513820372,4.343888464535666,4.354274944812004,-0.002385352419858893
1.8949705428552486,4.351838274319711,4.362269093234503,-0.002391145225536326
1.89793143432846,4.359790112946017,4.370265376369325,-0.0023969398929293705
1.9008923258016712,4.367743979711473,4.378263793270137,-0.0024027363483293237
1.9038532172748825,4.375699873908409,4.386264342987227,-0.002408534518834583
1.9068141087480939,4.383657794824643,4.394267024567537,-0.002414334332342446
1.9097750002213052,4.391617741743529,4.402271837054708,-0.0024201357175405868
1.9127358916945165,4.399579713944006,4.410278779489119,-0.002425938603897619
1.9156967831677278,4.407543710700646,4.418287850907928,-0.002431742921655556
1.9186576746409392,4.415509731283703,4.426299050345111,-0.0024375486018205473
1.9216185661141505,4.423477774959152,4.434312376831498,-0.002443355576155311
1.9245794575873618,4.431447840988744,4.442327829394813,-0.0024491637771702403
1.9275403490605731,4.4394199286300475,4.450345407059715,-0.0024549731381155993
1.9305012405337845,4.447394037136495,4.458365108847834,-0.002460783592973799
1.9334621320069958,4.455370065626171,4.46638684909095,-0.0024665985811375087
1.9364230234802071,4.463347800336561,4.474410446633886,-0.0024724254578940923
1.9393839149534184,4.4713271282495874,4.482435805503457,-0.0024782680078164086
1.9423448064266298,4.479308049859481,4.490462925724954,-0.0024841260355518767
1.945305697899841,4.48729056564971,4.498491807315472,-0.002489999347680559
1.9482665893730524,4.495274676093076,4.5065224502839865,-0.0024958877526953627
1.9512274808462637,4.5032603816518035,4.514554854631432,-0.0025017910609816587
1.954188372319475,4.511247682777632,4.522589020350769,-0.002507709084797106
1.9571492637926864,4.5192365799119045,4.530624947427055,-0.0025136416382507023
1.9601101552658977,4.527227073485661,4.538662635837517,-0.0025195885372841943
1.963071046739109,4.535219163919723,4.546702085551628,-0.0025255495996526997
1.9660319382123204,4.543212851624787,4.554743296531166,-0.0025315246449037704
1.9689928296855317,4.551208137001504,4.5627862687302905,-0.002537513494360562
1.971953721158743,4.559205020440574,4.570831002095609,-0.0025435159711012763
1.9749146126319543,4.567203502322825,4.578877496566246,-0.0025495318999417295
1.9778755041051657,4.575203583019307,4.586925752073911,-0.0025555611074157625
1.980836395578377,4.5832052628913615,4.594975768542959,-0.002561603421758561
1.9837972870515883,4.591208542290719,4.603027545890465,-0.002567658672887627
1.9867581785247996,4.5992134215595755,4.611081084026289,-0.002573726692385671
1.989719069998011,4.607219901030676,4.619136382853133,-0.002579807313482529
1.9926799614712223,4.615227981027392,4.627193442266614,-0.00258590037103802
1.9956408529444336,4.623237661863807,4.635252262155322,-0.0025920057015253583
1.998601744417645,4.631248943844794,4.643312842400888,-0.002598123143013579
2.0015626358908563,4.639261827266094,4.651375182878044,-0.002604252535151287
2.0045235273640674,4.647276312414394,4.6594392834546845,-0.002610393719149992
2.007484418837279,4.65529239956741,4.667505143991933,-0.0026165465377674148
2.01044531031049,4.663310088993951,4.675572764344193,-0.0026227108352921036
2.0134062017837016,4.671329380954013,4.683642144359222,-0.002628886457527053
2.0163670932569127,4.67935027569884,4.691713283878179,-0.0026350732517736843
2.019327984730124,4.687372773471008,4.699786182735693,-0.002641271066816727
2.0222888762033358,4.695396874504491,4.707860840759917,-0.0026474797529092565
2.025249767676547,4.703422579024743,4.715937257772587,-0.0026536991617558013
2.0282106591497584,4.711449887248767,4.7240154335890825,-0.002659929146499186
2.0311715506229695,4.719478799385185,4.732095368018481,-0.002666169561704879
2.034132442096181,4.727509315634318,4.740177060863618,-0.0026724202633460446
2.037093333569392,4.735541436188243,4.748260511921138,-0.0026786811087895026
2.0400542250426037,4.74357516123088,4.756345720981558,-0.002684951956781245
2.043015116515815,4.751610490938048,4.764432687829314,-0.0026912326674317375
2.0459760079890263,4.759647425477543,4.772521412242827,-0.002697523102203022
2.0489368994622374,4.7676859650092025,4.7806118939945454,-0.002703823123893541
2.051897790935449,4.7757261096849755,4.7887041328510085,-0.0027101325966251365
2.05485868240866,4.783767859648986,4.796798128572895,-0.002716451385830181
2.0578195738818716,4.791811215037609,4.8048938809150785,-0.0027227793582358718
2.0607804653550827,4.799856175979523,4.812991389626675,-0.002729116381854026
2.0637413568282943,4.807902742595789,4.821090654451106,-0.002735462325965814
2.0667022483015054,4.815950914999905,4.829191675126135,-0.0027418170611097684
2.069663139774717,4.824000693297883,4.837294451383936,-0.0027481804590684324
2.072624031247928,4.832052077588297,4.845398982951127,-0.002754552392856059
2.0755849227211396,4.84010506796236,4.853505269548834,-0.0027609327367064175
2.0785458141943507,4.848159664503979,4.861613310892731,-0.0027673213660594463
2.0815067056675622,4.856215867289824,4.8697231066931,-0.0027737181575502104
2.0844675971407733,4.864273676389381,4.877834656654867,-0.002780122988995789
2.087428488613985,4.8723330918650225,4.885947960477663,-0.0027865357393839114
2.090389380087196,4.880394113772059,4.8940630178558635,-0.0027929562888613473
2.0933502715604075,4.888456742158812,4.902179828478642,-0.002799384518721127
2.0963111630336186,4.896520977066657,4.910298392030013,-0.0028058203113926075
2.09927205450683,4.904586818530098,4.918418708188882,-0.0028122635504281867
2.1022329459800413,4.912654266576816,4.92654077662909,-0.0028187141204941194
2.105193837453253,4.920723321227733,4.934664597019465,-0.002825171907357631
2.108154728926464,4.928793982497067,4.942790169023854,-0.0028316367978759574
2.1111156203996755,4.93686625039239,4.950917492301189,-0.00283810867998691
2.1140765118728866,4.944940124914682,4.959046566505512,-0.0028445874426966736
2.117037403346098,4.953015606058395,4.967177391286034,-0.0028510729760694983
2.1199982948193092,4.9610926938115,4.97530996628717,-0.0028575651712167806
2.122959186292521,4.969171388155546,4.983444291148589,-0.002864063920287837
2.125920077765732,4.977251689065714,4.991580365505253,-0.002870569116458287
2.1288809692389434,4.985333596510874,4.999718188987463,-0.0028770806539201283
2.1318418607121545,4.993417110453634,5.007857761220901,-0.002883598427872801
2.134802752185366,5.0015022308504,5.015999081826672,-0.002890122334510783
2.137763643658577,5.0095889576514185,5.024142150421344,-0.0028966522710160833
2.1407245351317887,5.017677290800845,5.032286966616997,-0.002903188135547437
2.143685426605,5.025767230236776,5.040433530021251,-0.0029097298272303196
2.1466463180782114,5.033858775891322,5.048581840237323,-0.0029162772461480925
2.1496072095514225,5.041951927690639,5.056731896864054,-0.00292283029333254
2.152568101024634,5.050046685554994,5.064883699495958,-0.002929388870753432
2.155528992497845,5.058143049398806,5.073037247723257,-0.002935952881310985
2.1584898839710567,5.066241019130703,5.081192541131923,-0.0029425222288249
2.161450775444268,5.074340594653564,5.0893495793037165,-0.002949096818027156
2.1644116669174793,5.082441775864576,5.0975083618162245,-0.002955676554551044
2.1673725583906904,5.090544562655275,5.1056688882429,-0.002962261344924471
2.170333449863902,5.0986489549116,5.113831158153103,-0.002968851096559502
2.173294341337113,5.106754952513938,5.121995171112131,-0.002975445717744258
2.1762552328103246,5.114862555337174,5.130160926681266,-0.0029820451176350462
2.1792161242835357,5.1229717632507334,5.138328424417803,-0.0029886492062463337
2.1821770157567473,5.131082576118634,5.1464976638750946,-0.002995257894444241
2.1851379072299584,5.139194993799526,5.154668644602579,-0.0030018710939364954
2.18809879870317,5.147309016146748,5.162841366145829,-0.0030084887172653805
2.191059690176381,5.155424643008359,5.171015828046571,-0.0030151106777992214
2.1940205816495926,5.163541874227196,5.1791920298427385,-0.003021736889724442
2.1969814731228037,5.17166070964091,5.187369971068494,-0.003028367268037539
2.199942364596015,5.179781149082016,5.195549651254274,-0.0030350017285372837
2.2029032560692263,5.187903192377934,5.203731069926813,-0.003041640187816493
2.205864147542438,5.196026839351033,5.21191422660919,-0.003048282563255737
2.208825039015649,5.204152089818673,5.220099120820853,-0.0030549287730138814
2.2117859304888605,5.212278943593254,5.22828575207766,-0.0030615787360217597
2.2147468219620716,5.220407400482248,5.236474119891908,-0.0030682323719747233
2.217707713435283,5.228537460288253,5.24466422377237,-0.0030748896013245743
2.2206686049084943,5.236669122809026,5.252856063224322,-0.003081550345272587
2.223629496381706,5.24480238783753,5.261049637749586,-0.00308821452576259
2.226590387854917,5.252937255161966,5.269244946846552,-0.003094882065474107
2.2295512793281285,5.261073724565831,5.277441990010217,-0.003101552887813878
2.2325121708013396,5.26921179582794,5.2856407667322145,-0.003108226916910144
2.235473062274551,5.277351468722478,5.2938412765008485,-0.003114904077605801
2.238433953747762,5.2854927430190335,5.302043518801121,-0.0031215842954509516
2.2413948452209738,5.293635618482644,5.310247493114767,-0.003128267496696185
2.244355736694185,5.301780094873828,5.318453198920284,-0.0031349536082860884
2.2473166281673964,5.30992617194863,5.3266606356929636,-0.0031416425578529726
2.2502775196406075,5.318073849458656,5.334869802904918,-0.0031483342737091656
2.253238411113819,5.326223127151114,5.343080700025118,-0.0031550286848418528
2.25619930258703,5.334374004768845,5.351293326519415,-0.0031617257209061505
2.2591601940602417,5.3425264820503715,5.359507681850577,-0.0031684253122185595
2.262121085533453,5.350680558729925,5.367723765478312,-0.003175127389750812
2.2650819770066644,5.358836234537491,5.3759415768593035,-0.003181831885123604
2.2680428684798755,5.366993509198838,5.384161115447234,-0.0031885387306003865
2.271003759953087,5.3751523824355605,5.39238238069282,-0.003195247859081857
2.273964651426298,5.3833128539651085,5.400605372043832,-0.0032019592040992014
2.2769255428995097,5.391474923500832,5.408830088945132,-0.00320867269980836
2.2798864343727208,5.399638590752006,5.417056530838693,-0.0032153882809840295
2.2828473258459323,5.407803855423877,5.425284697163636,-0.0032221058830143585
2.2858082173191434,5.415970717217685,5.433514587356246,-0.00322882544189456
2.288769108792355,5.424139175830714,5.441746200850012,-0.0032355468942208854
2.291730000265566,5.4323092309563075,5.449979537075645,-0.0032422701771866245
2.2946908917387776,5.440480882283923,5.45821459546111,-0.003248995228574056
2.2976517832119887,5.448654129499146,5.466451375431647,-0.0032557219867515147
2.3006126746852003,5.45682897228374,5.474689876409807,-0.003262450390665608
2.3035735661584114,5.465005410315669,5.482930097815464,-0.003269180379836749
2.306534457631623,5.473183443269136,5.49117203906586,-0.003275911894354709
2.309495349104834,5.481363070814611,5.49941569957561,-0.003282644874871325
2.3124562405780456,5.489544292618872,5.507661078756747,-0.0032893792625969553
2.3154171320512567,5.497727108345025,5.515908176018732,-0.0032961149992945644
2.318378023524468,5.505911517652548,5.524156990768487,-0.003302852027274012
2.3213389149976793,5.514097520197312,5.532407522410421,-0.003309590289388318
2.324299806470891,5.5222851156316235,5.54065977034645,-0.0033163297290275534
2.327260697944102,5.530474303604244,5.548913733976025,-0.0033230702901139073
2.3302215894173135,5.538665083760431,5.557169412696154,-0.0033298119170969464
2.3331824808905246,5.546857455741962,5.565426805901429,-0.0033365545549492444
2.336143372363736,5.555051419187169,5.573685912984049,-0.003343298149160124
2.3391042638369473,5.563246973730964,5.581946733333841,-0.0033500426457328046
2.342065155310159,5.571444119004876,5.59020926633829,-0.0033567879911775896
2.34502604678337,5.579642854637073,5.598473511382553,-0.0033635341325084552
2.3479869382565814,5.587843180252397,5.606739467849492,-0.003370281017238385
2.3509478297297925,5.59604509547239,5.615007135119688,-0.003377028593373968
2.353908721203004,5.604248599915327,5.623276512571477,-0.0033837768094119223
2.356869612676215,5.6124536931962385,5.631547599580954,-0.0033905256143331396
2.3598305041494267,5.6206603749269455,5.639820395522013,-0.003397274957599754
2.362791395622638,5.628868644716081,5.648094899766356,-0.0034040247891497354
2.3657522870958494,5.637078502169128,5.656371111683527,-0.0034107750593926124
