z,H_model,H_LCDM,DeltaH/H
0.0,0.6711565608927001,0.6711565608927001,0.0
0.002960891473211326,0.6727351968355517,0.6727330313585054,3.2189248117821135e-06
0.005921782946422652,0.6743138327784032,0.6743095018243107,6.4227985528178836e-06
0.008882674419633977,0.6758924687212547,0.6758859722901159,9.611726541389593e-06
0.011843565892845303,0.6774711046641062,0.6774624427559212,1.2785813114320243e-05
0.01480445736605663,0.6790497406069578,0.6790389132217264,1.5945161640328422e-05
0.017765348839267954,0.6806283765498092,0.6806153836875317,1.908987452960892e-05
0.020726240312479282,0.6822070124926608,0.6821918541533369,2.2220053246860887e-05
0.023687131785690606,0.6837856484355123,0.6837683246191422,2.533579831991414e-05
0.02664802325890193,0.6853642843783638,0.6853447950849475,2.843720935228634e-05
0.02960891473211326,0.6869429203212153,0.6869212655507527,3.1524385032981266e-05
0.032569806205324583,0.6885215562640669,0.688497736016558,3.459742314728123e-05
0.03553069767853591,0.6901210634738693,0.6900949629479484,3.782164386390395e-05
0.03849158915174723,0.6917658212775561,0.6917371915745824,4.138812156192371e-05
0.041452480624958564,0.693410579081243,0.6933794202012162,4.493770527219078e-05
0.04441337209816989,0.6950553368849298,0.6950216488278501,4.847051474802363e-05
0.04737426357138121,0.6967000946886167,0.6966638774544841,5.1986668614052646e-05
0.05033515504459254,0.6983448524923036,0.698306106081118,5.548628437901496e-05
0.05329604651780386,0.6999896102959904,0.6999483347077519,5.8969478448369266e-05
0.05625693799101519,0.7016343680996773,0.7015905633343859,6.24363661381576e-05
0.05921782946422652,0.7032791259033642,0.7032327919610197,6.588706168725208e-05
0.06217872093743784,0.704923883707051,0.7048750205876536,6.93216782694304e-05
0.06513961241064917,0.7065686415107378,0.7065172492142876,7.274032800669716e-05
0.06810050388386049,0.7082133993144246,0.7081594778409215,7.614312198085225e-05
0.07106139535707182,0.7098581571181115,0.7098017064675554,7.953017024583682e-05
0.07402228683028314,0.7115630247191441,0.71150367197853,8.341874111350134e-05
0.07698317830349447,0.7132764267357542,0.7132141189587291,8.736195115719534e-05
0.0799440697767058,0.7149898287523644,0.7149245659389281,9.128629305193536e-05
0.08290496124991713,0.7167032307689745,0.7166350129191271,9.519190189921566e-05
0.08586585272312845,0.7184166327855847,0.7183454598993261,9.907891151501038e-05
0.08882674419633978,0.7201300348021947,0.7200559068795251,0.00010294745444257479
0.0917876356695511,0.7218434368188049,0.7217663538597241,0.00010679766196998703
0.09474852714276243,0.723556838835415,0.7234768008399232,0.00011062966414253016
0.09770941861597375,0.7252702408520251,0.7251872478201221,0.00011444358977964515
0.10067031008918507,0.7269836428686353,0.7268976948003212,0.00011823956648767322
0.1036312015623964,0.7286970448852453,0.7286081417805201,0.00012201772067485688
0.10659209303560772,0.7304104469018555,0.7303185887607192,0.00012577817756521787
0.10955298450881905,0.7321238489184656,0.7320290357409182,0.0001295210612123925
0.11251387598203039,0.7338791857636824,0.7337811230794066,0.00013364023847367443
0.11547476745524171,0.7356638928597673,0.7355623744280942,0.00013801471527412573
0.11843565892845304,0.7374485999558521,0.7373436257767819,0.00014236805662976213
0.12139655040166436,0.739233307051937,0.7391248771254697,0.00014670041534660223
0.12435744187487568,0.7410180141480218,0.7409061284741574,0.00015101194276103902
0.127318333348087,0.7428027212441067,0.742687379822845,0.00015530278875776224
0.13027922482129833,0.7445874283401916,0.7444686311715328,0.00015957310178652903
0.13324011629450966,0.7463721354362765,0.7462498825202205,0.00016382302888018224
0.13620100776772098,0.7481568425323614,0.7480311338689082,0.00016805271567107494
0.1391618992409323,0.7499415496284462,0.7498123852175959,0.00017226230640726158
0.14212279071414363,0.7517262567245311,0.7515936365662836,0.00017645194396978775
0.14508368218735496,0.7535109638206159,0.7533748879149713,0.00018062176988826133
0.14804457366056628,0.7552956709167008,0.755156139263659,0.00018477192435708528
0.1510054651337776,0.7570803780127856,0.7569373906123468,0.00018890254625043455
0.15396635660698893,0.7588906177859759,0.7587439708352124,0.00019327593549385246
0.15692724808020025,0.7607494579854094,0.7605987635536274,0.00019812605410753512
0.1598881395534116,0.762608298184843,0.7624535562720426,0.00020295257531095163
0.16284903102662293,0.7644671383842766,0.7643083489904577,0.0002077556708998365
0.16580992249983426,0.7663259785837101,0.7661631417088729,0.00021253551100618864
0.16877081397304558,0.7681848187831437,0.768017934427288,0.00021729226411893937
0.1717317054462569,0.7700436589825772,0.7698727271457032,0.00022202609710273566
0.17469259691946823,0.7719024991820108,0.7717275198641182,0.00022673717521875416
0.17765348839267955,0.7737613393814444,0.7735823125825334,0.0002314256621423452
0.18061437986589088,0.7756201795808779,0.7754371053009486,0.00023609171998328774
0.1835752713391022,0.7774790197803115,0.7772918980193637,0.00024073550930432512
0.18653616281231353,0.779337859979745,0.7791466907377789,0.00024535718913872435
0.18949705428552485,0.7811967001791786,0.7810014834561939,0.000249956917009717
0.19245794575873618,0.7830555403786121,0.7828562761746091,0.00025453484894668574
0.1954188372319475,0.7849143805780457,0.7847110688930242,0.00025909113950480005
0.19837972870515883,0.7867744211283642,0.7865670510171449,0.0002636394582650475
0.20134062017837015,0.7887104271644263,0.7884983059496655,0.0002690192396866294
0.20430151165158147,0.7906464332004884,0.7904295608821862,0.0002743727322902811
0.2072624031247928,0.7925824392365506,0.7923608158147069,0.0002797001283005863
0.21022329459800412,0.7945184452726126,0.7942920707472275,0.00028500161807247667
0.21318418607121545,0.7964544513086748,0.7962233256797481,0.00029027739011460346
0.21614507754442677,0.7983904573447369,0.7981545806122687,0.0002955276311102833
0.2191059690176381,0.800326463380799,0.8000858355447894,0.0003007525259409159
0.22206686049084945,0.8022624694168612,0.8020170904773101,0.000305952257706987
0.22502775196406077,0.8041984754529233,0.8039483454098307,0.00031112700774959704
0.2279886434372721,0.8061344814889855,0.8058796003423514,0.0003162769556715426
0.23094953491048342,0.8080704875250476,0.8078108552748721,0.0003214022793580956
0.23391042638369475,0.8100064935611098,0.8097421102073927,0.00032650315499748486
0.23687131785690607,0.8119424995971719,0.8116733651399134,0.00033157975710108536
0.2398322093301174,0.813878505633234,0.813604620072434,0.0003366322585234566
0.24279310080332872,0.8158145116692962,0.8155358750049546,0.00034166083048141533
0.24575399227654005,0.8177505177053583,0.8174671299374753,0.0003466656425741961
0.24871488374975137,0.8197224680757322,0.8194339526577438,0.0003520911197939729
0.2516757752229627,0.8217389267754275,0.8214448174458545,0.0003580390591390554
0.254636666696174,0.8237553854751226,0.8234556822339653,0.000363957948950315
0.25759755816938534,0.8257718441748179,0.825466547022076,0.0003698480015249995
0.26055844964259667,0.827788302874513,0.8274774118101867,0.00037570942709619365
0.263519341115808,0.8298047615742082,0.8294882765982975,0.00038154243385890964
0.2664802325890193,0.8318212202739035,0.8314991413864082,0.0003873472279937968
0.26944112406223064,0.8338376789735986,0.833510006174519,0.00039312401369183956
0.27240201553544197,0.8358541376732939,0.8355208709626297,0.00039887299317869866
0.2753629070086533,0.837870596372989,0.8375317357507405,0.00040459436673737683
0.2783237984818646,0.8398870550726842,0.8395426005388512,0.0004102883327325415
0.28128468995507594,0.8419035137723794,0.841553465326962,0.00041595508763238873
0.28424558142828726,0.8439199724720746,0.8435643301150727,0.00042159482603229954
0.2872064729014986,0.8459364311717698,0.8455751949031836,0.0004272077406759272
0.2901673643747099,0.847952889871465,0.8475860596912943,0.0004327940224787349
0.29312825584792124,0.8499693485711601,0.849596924479405,0.00043835386054780115
0.29608914732113256,0.8519858072708554,0.8516077892675158,0.00044388744220473476
0.2990500387943439,0.8540022659705506,0.8536186540556265,0.0004493949530056645
0.3020109302675552,0.8560566189735502,0.8556669541176843,0.0004553931339649437
0.30497182174076654,0.858157136531386,0.8577608595242461,0.0004619900788662114
0.30793271321397786,0.8602576540892218,0.8598547649308078,0.0004685548942052346
0.3108936046871892,0.8623581716470577,0.8619486703373697,0.00047508781413608663
0.3138544961604005,0.8644586892048935,0.8640425757439314,0.0004815890705430619
0.3168153876336119,0.8665592067627295,0.8661364811504932,0.00048805889306811136
0.3197762791068232,0.8686597243205653,0.868230386557055,0.0004944975091378826
0.32273717058003454,0.8707602418784011,0.8703242919636168,0.0005009051439902403
0.32569806205324586,0.872860759436237,0.8724181973701786,0.0005072820207011698
0.3286589535264572,0.8749612769940728,0.8745121027767403,0.0005136283602093892
0.3316198449996685,0.8770617945519086,0.8766060081833021,0.0005199443813430147
0.33458073647287984,0.8791623121097445,0.8786999135898639,0.0005262303008447087
0.33754162794609116,0.8812628296675803,0.8807938189964257,0.0005324863333952069
0.3405025194193025,0.8833633472254161,0.8828877244029875,0.0005387126916395313
0.3434634108925138,0.885463864783252,0.8849816298095492,0.000544909586209817
0.34642430236572513,0.8875643823410878,0.887075535216111,0.0005510772257490697
0.34938519383893646,0.8896648998989236,0.8891694406226728,0.0005572158169357106
0.3523460853121478,0.8917654174567595,0.8912633460292345,0.0005633255645055324
0.3553069767853591,0.8938659350145953,0.8933572514357964,0.000569406671274466
0.35826786825857043,0.8959664525724311,0.8954511568423581,0.0005754593381621431
0.36122875973178176,0.8981373101123303,0.8976144098045,0.0005825444668877331
0.3641896512049931,0.9003258989992219,0.8997951439421413,0.0005898621043399241
0.3671505426782044,0.9025144878861135,0.9019758780797825,0.0005971443576492004
0.37011143415141573,0.9047030767730051,0.9041566122174238,0.000604391482843973
0.37307232562462705,0.9068916656598967,0.906337346355065,0.0006116037334893961
0.3760332170978384,0.9090802545467883,0.9085180804927062,0.0006187813607157065
0.3789941085710497,0.9112688434336799,0.9106988146303475,0.0006259246132473774
0.38195500004426103,0.9134574323205714,0.9128795487679887,0.0006330337374329481
0.38491589151747235,0.9156460212074631,0.91506028290563,0.0006401089772721213
0.3878767829906837,0.9178346100943546,0.9172410170432712,0.0006471505744442909
0.390837674463895,0.9200231989812462,0.9194217511809124,0.0006541587683359375
0.3937985659371063,0.9222117878681378,0.9216024853185537,0.0006611337960677565
0.39675945741031765,0.9244003767550294,0.9237832194561949,0.0006680758925214025
0.399720348883529,0.9265889656419211,0.9259639535938362,0.0006749852903658541
0.4026812403567403,0.9287775545288126,0.9281446877314774,0.000681862220083409
0.4056421318299516,0.9309661434157042,0.9303254218691187,0.0006887069099951921
0.40860302330316295,0.9331547323025958,0.9325061560067599,0.0006955195862870223
0.4115639147763743,0.9353433211894874,0.9346868901444011,0.0007023004730331331
0.4145248062495856,0.9375319100763789,0.9368676242820424,0.0007090497922218151
0.4174856977227969,0.9397204989632706,0.9390483584196836,0.0007157677637796375
0.42044658919600825,0.9419090878501621,0.9412290925573249,0.0007224546055941515
0.42340748066921957,0.9441168614717586,0.9434286935972594,0.0007294328433823041
0.4263683721424309,0.9463980573037929,0.9457005004660374,0.0007376086164824556
0.4293292636156422,0.9486792531358271,0.9479723073348153,0.0007457452032532211
0.43229015508885354,0.9509604489678615,0.9502441142035932,0.0007538428847503154
0.43525104656206487,0.9532416447998958,0.952515921072371,0.0007619019393478825
0.4382119380352762,0.9555228406319302,0.954787727941149,0.000769922642770397
0.4411728295084875,0.9578040364639645,0.9570595348099269,0.0007779052681246932
0.4441337209816989,0.9600852322959988,0.9593313416787048,0.0007858500859304963
0.4470946124549102,0.9623664281280332,0.9616031485474827,0.000793757364151098
0.45005550392812155,0.9646476239600675,0.9638749554162607,0.0008016273682234838
0.45301639540133287,0.9669288197921019,0.9661467622850385,0.0008094603610881496
0.4559772868745442,0.9692100156241362,0.9684185691538164,0.000817256603217926
0.4589381783477555,0.9714912114561706,0.9706903760225943,0.0008250163526475403
0.46189906982096685,0.9737724072882049,0.9729621828913723,0.0008327398650016256
0.46485996129417817,0.9760536031202393,0.9752339897601502,0.000840427393522905
0.4678208527673895,0.9783347989522736,0.977505796628928,0.0008480791890999845
0.4707817442406008,0.9806159947843079,0.9797776034977059,0.0008556955002941918
0.47374263571381214,0.9828971906163423,0.9820494103664839,0.000863276573367174
0.47670352718702347,0.9851783864483766,0.9843212172352618,0.0008708226523069844
0.4796644186602348,0.987459582280411,0.9865930241040397,0.0008783339788543716
0.4826253101334461,0.9897407781124452,0.9888648309728175,0.0008858107925285947
0.48558620160665744,0.9920219739444796,0.9911366378415954,0.000893253330652882
0.48854709307986877,0.9943031697765139,0.9934084447103734,0.0009006618283795426
0.4915079845530801,0.9965843656085482,0.9956802515791513,0.0009080365187147316
0.4944688760262914,0.9988970067482129,0.9979828865188509,0.0009159678404412452
0.49742976749950274,1.0012760274940797,1.0003505981062917,0.000925105047710209
0.5003906589727141,1.0036550482399467,1.0027183096937324,0.0009341991037346749
0.5033515504459254,1.0060340689858136,1.0050860212811732,0.000943250313472614
0.5063124419191367,1.0084130897316805,1.007453732868614,0.0009522589790152661
0.509273333392348,1.0107921104775475,1.0098214444560547,0.0009612253996206378
0.5122342248655594,1.0131711312234144,1.0121891560434955,0.00097014987174664
0.5151951163387707,1.0155501519692813,1.014556867630936,0.00097903268908398
0.518156007811982,1.0179291727151483,1.0169245792183768,0.0009878741425875027
0.5211168992851933,1.0203081934610152,1.0192922908058175,0.0009966745205092732
0.5240777907584047,1.0226872142068821,1.0216600023932583,0.0010054341084290265
0.527038682231616,1.025066234952749,1.024027713980699,0.0010141531892852785
0.5299995737048273,1.027445255698616,1.0263954255681398,0.001022832043405789
0.5329604651780386,1.029824276444483,1.0287631371555805,0.0010314709485376068
0.53592135665125,1.0322032971903499,1.0311308487430213,0.0010400701798766983
0.5388822481244613,1.0345823179362168,1.033498560330462,0.0010486300100971697
0.5418431395976726,1.0369613386820837,1.0358662719179026,0.0010571507093803032
0.5448040310708839,1.0393403594279507,1.0382339835053433,0.0010656325454421254
0.5477649225440953,1.0417193801738176,1.040601695092784,0.0010740757835627352
0.5507258140173066,1.0440984009196845,1.0429694066802249,0.0010824806866131013
0.5536867054905179,1.0464774216655515,1.0453371182676656,0.0010908475150825576
0.5566475969637292,1.0488564424114184,1.0477048298551064,0.0010991765271057157
0.5596084884369406,1.0512354631572853,1.0500725414425471,0.0011074679784890116
0.5625693799101519,1.0536144839031523,1.052440253029988,0.0011157221227368944
0.5655302713833632,1.0559935046490192,1.0548079646174287,0.0011239392110776632
0.5684911628565745,1.0583725253948861,1.0571756762048692,0.0011321194924891651
0.5714520543297859,1.060751546140753,1.05954338779231,0.0011402632137231022
0.5744129458029972,1.0632023249786033,1.0619811718806014,0.0011498820603754213
0.5773738372762085,1.065685291466039,1.0644503875334816,0.0011601329164987377
0.5803347287494198,1.0681682579534746,1.0669196031863617,0.0011703363246713006
0.5832956202226312,1.0706512244409103,1.069388818839242,0.0011804926135646477
0.5862565116958425,1.0731341909283458,1.071858034492122,0.0011906021088217043
0.5892174031690538,1.0756171574157816,1.0743272501450023,0.0012006651330915862
0.5921782946422651,1.078100123903217,1.0767964657978826,0.0012106820060637199
0.5951391861154764,1.0805830903906528,1.0792656814507626,0.0012206530445027287
0.5981000775886878,1.0830660568780885,1.081734897103643,0.0012305785622797598
0.6010609690618991,1.085549023365524,1.084204112756523,0.0012404588704074833
0.6040218605351104,1.0880319898529598,1.0866733284094032,0.0012502942770715442
0.6069827520083217,1.0905149563403953,1.0891425440622835,0.0012600850876626102
0.6099436434815331,1.092997922827831,1.0916117597151636,0.0012698316048089997
0.6129045349547444,1.0954808893152668,1.0940809753680438,0.001279534128405822
0.6158654264279557,1.0979638558027023,1.096550191020924,0.0012891929556475758
0.618826317901167,1.100446822290138,1.0990194066738042,0.001298808381058485
0.6217872093743784,1.1029297887775735,1.1014886223266844,0.001308380696520413
0.6247481008475897,1.1054127552650093,1.1039578379795645,0.001317910191305432
0.627708992320801,1.1078957217524448,1.1064270536324448,0.0013273971521017309
0.6306698837940123,1.1103786882398805,1.108896269285325,0.0013368418630453893
0.6336307752672238,1.1128616547273162,1.1113654849382053,0.0013462446057465297
0.6365916667404351,1.115344621214752,1.1138347005910854,0.0013556056593185125
0.6395525582136464,1.1178275877021875,1.1163039162439656,0.0013649253004043558
0.6425134496868578,1.1203105541896232,1.1187731318968457,0.0013742038032061802
0.6454743411600691,1.1227935206770587,1.121242347549726,0.0013834414395091149
0.6484352326332804,1.1252764871644945,1.1237115632026062,0.001392638478710817
0.6513961241064917,1.12775945365193,1.1261807788554863,0.001401795187845476
0.654357015579703,1.1302424201393657,1.1286499945083666,0.0014109118316106507
0.6573179070529144,1.1327253866268014,1.1311192101612468,0.0014199886723925774
0.6602787985261257,1.135208353114237,1.1335884258141269,0.0014290259702913431
0.663239689999337,1.1377726061062592,1.1361366175564038,0.0014399575936334447
0.6662005814725483,1.1403668538722012,1.138713951527868,0.0014515518512050025
0.6691614729457597,1.142961101638143,1.1412912854993322,0.0014630937430492217
0.672122364418971,1.1455553494040849,1.1438686194707965,0.0014745836231338247
0.6750832558921823,1.1481495971700268,1.1464459534422609,0.0014860218422427295
0.6780441473653936,1.1507438449359686,1.1490232874137252,0.001497408748012529
0.681005038838605,1.1533380927019106,1.1516006213851895,0.0015087446849682896
0.6839659303118163,1.1559323404678523,1.1541779553566538,0.0015200299945569446
0.6869268217850276,1.1585265882337943,1.1567552893281179,0.0015312650151833142
0.6898877132582389,1.1611208359997363,1.1593326232995822,0.0015424500822418126
0.6928486047314503,1.163715083765678,1.1619099572710465,0.0015535855281515578
0.6958094962046616,1.16630933153162,1.1644872912425108,0.0015646716823891043
0.6987703876778729,1.1689035792975617,1.1670646252139751,0.0015757088715197955
0.7017312791510842,1.1714978270635037,1.1696419591854395,0.0015866974192313558
0.7046921706242956,1.1740920748294457,1.1722192931569038,0.0015976376463641992
0.7076530620975069,1.1766863225953874,1.1747966271283679,0.00160852987094342
0.7106139535707182,1.1792805703613294,1.1773739610998322,0.0016193744082094157
0.7135748450439295,1.1818748181272711,1.1799512950712965,0.0016301715706481142
0.7165357365171409,1.184469065893213,1.1825286290427608,0.0016409216680217408
0.7194966279903522,1.1870633136591549,1.185105963014225,0.0016516250073971238
0.7224575194635635,1.1896575614250968,1.1876832969856894,0.0016622818931764356
0.7254184109367748,1.1922518091910388,1.1902606309571535,0.001672892627124924
0.7283793024099862,1.1948460569569805,1.1928379649286178,0.0016834575083992122
0.7313401938831975,1.1974403047229225,1.1954152989000821,0.0016939768335770932
0.7343010853564088,1.2000345524888645,1.1979926328715464,0.0017044508966834156
0.7372619768296201,1.2026288002548062,1.2005699668430108,0.0017148799892182265
0.7402228683028315,1.2052230480207482,1.203147300814475,0.0017252644001843676
0.7431837597760428,1.20781729578669,1.2057246347859394,0.0017356044161128768
0.7461446512492541,1.210411543552632,1.2083019687574035,0.0017459003210910028
0.7491055427224654,1.2130057913185737,1.2108793027288678,0.0017561523967860129
0.7520664341956768,1.2156000390845156,1.213456636700332,0.001766360922473455
0.7550273256688881,1.2181942868504576,1.2160339706717964,0.0017765261750604948
0.7579882171420994,1.2207885346163994,1.2186113046432607,0.0017866484291116892
0.7609491086153107,1.2233827823823413,1.221188638614725,0.0017967279568742531
0.7639100000885221,1.2260579356557366,1.2238440610980084,0.0018089515062417454
0.7668708915617334,1.2287724676605054,1.226537491210526,0.0018221835581834404
0.7698317830349447,1.2314869996652744,1.2292309213230435,0.0018353576232874964
0.772792674508156,1.2342015316700434,1.2319243514355611,0.0018484740818936769
0.7757535659813674,1.2369160636748124,1.2346177815480788,0.0018615333110234844
0.7787144574545787,1.2396305956795814,1.2373112116605964,0.0018745356844153771
0.78167534892779,1.2423451276843505,1.240004641773114,0.0018874815725606054
0.7846362404010013,1.2450596596891192,1.2426980718856315,0.0019003713427384007
0.7875971318742127,1.2477741916938883,1.2453915019981492,0.0019132053590507092
0.790558023347424,1.2504887236986573,1.2480849321106668,0.001925983982456476
0.7935189148206353,1.2532032557034263,1.2507783622231845,0.001938707570805486
0.7964798062938466,1.2559177877081953,1.253471792335702,0.0019513764788719452
0.799440697767058,1.2586323197129643,1.2561652224482196,0.001963991058386745
0.8024015892402693,1.261346851717733,1.2588586525607373,0.001976551658070904
0.8053624807134806,1.264061383722502,1.261552082673255,0.001989058623667697
0.8083233721866919,1.266775915727271,1.2642455127857724,0.002001512297973672
0.8112842636599032,1.2694904477320401,1.26693894289829,0.002013913020869974
0.8142451551331146,1.2722049797368091,1.2696323730108077,0.002026261129354142
0.8172060466063259,1.2749195117415781,1.2723258031233253,0.002038556957569935
0.8201669380795372,1.277634043746347,1.275019233235843,0.0020508008368374728
0.8231278295527485,1.280348575751116,1.2777126633483604,0.002062993095683868
0.8260887210259599,1.283063107755885,1.280406093460878,0.0020751340598708645
0.8290496124991712,1.285777639760654,1.2830995235733957,0.002087224052425598
0.8320105039723825,1.288492171765423,1.2857929536859134,0.0020992633936683706
0.8349713954455938,1.291206703770192,1.288486383798431,0.002111252401241117
0.8379322869188052,1.2939212357749608,1.2911798139109485,0.0021231913901353368
0.8408931783920165,1.2966357677797298,1.2938732440234662,0.0021350806727196857
0.8438540698652278,1.2993502997844988,1.2965666741359838,0.002146920558767215
0.8468149613384391,1.3020648317892678,1.2992601042485015,0.002158711355482277
0.8497758528116505,1.3047793637940368,1.301953534361019,0.0021704533675272674
0.8527367442848618,1.3074938957988058,1.3046469644735366,0.0021821468970481786
0.8556976357580731,1.3102084278035746,1.3073403945860542,0.0021937922437013763
0.8586585272312844,1.3129229598083436,1.3100338246985719,0.0022053897046791907
0.8616194187044958,1.3156374918131126,1.3127272548110893,0.0022169395747345185
0.8645803101777071,1.3183520238178816,1.315420684923607,0.002228442146205795
0.8675412016509184,1.3210665558226506,1.3181141150361246,0.0022398977090425103
0.8705020931241297,1.3237810878274197,1.3208075451486423,0.00225130655082889
0.8734629845973411,1.3264956198321884,1.32350097526116,0.002262668956807965
0.8764238760705524,1.3292101518369575,1.3261944053736774,0.0022739852099061828
0.8793847675437637,1.3319877826504332,1.3289482056170743,0.002287205039678361
0.882345659016975,1.3348339483350866,1.3317675769738975,0.002302482365696794
0.8853065504901865,1.3376801140197403,1.334586948330721,0.0023176951437208987
0.8882674419633978,1.340526279704394,1.337406319687544,0.002332843781969565
0.8912283334366091,1.3433724453890474,1.3402256910443673,0.002347928685226178
0.8941892249098204,1.3462186110737009,1.3430450624011907,0.002362950254875507
0.8971501163830318,1.3490647767583546,1.345864433758014,0.002377908888939469
0.9001110078562431,1.351910942443008,1.348683805114837,0.0023928049821107943
0.9030718993294544,1.3547571081276615,1.3515031764716605,0.002407638925789232
0.9060327908026657,1.3576032738123152,1.3543225478284837,0.0024224111081158255
0.9089936822758771,1.3604494394969686,1.357141919185307,0.0024371219140052877
0.9119545737490884,1.3632956051816223,1.3599612905421303,0.002451771725181078
0.9149154652222997,1.3661417708662758,1.3627806618989535,0.002466360920207599
0.917876356695511,1.3689879365509292,1.365600033255777,0.002480889874522804
0.9208372481687224,1.3718341022355829,1.3684194046126001,0.0024953589604712195
0.9237981396419337,1.3746802679202363,1.3712387759694233,0.0025097685473341245
0.926759031115145,1.3775264336048898,1.3740581473262468,0.0025241190013624328
0.9297199225883563,1.3803725992895435,1.37687751868307,0.002538410685807719
0.9326808140615677,1.383218764974197,1.3796968900398932,0.0025526439609514146
0.935641705534779,1.3860649306588506,1.3825162613967166,0.0025668191841367004
0.9386025970079903,1.388911096343504,1.3853356327535398,0.0025809367097976025
0.9415634884812016,1.3917572620281575,1.388155004110363,0.0025949968894886963
0.944524379954413,1.3946034277128112,1.3909743754671864,0.0026090000719142872
0.9474852714276243,1.3974495933974647,1.3937937468240096,0.00262294660295724
0.9504461629008356,1.4002957590821181,1.3966131181808328,0.002636836825707456
0.9534070543740469,1.4031419247667718,1.3994324895376562,0.0026506710804900064
0.9563679458472583,1.4059880904514253,1.4022518608944794,0.00266444970489293
0.9593288373204696,1.4088342561360787,1.4050712322513026,0.002678173033794692
0.9622897287936809,1.4116804218207324,1.407890603608126,0.0026918413993913125
0.9652506202668922,1.4145265875053858,1.4107099749649492,0.0027054551312231737
0.9682115117401036,1.4173727531900395,1.4135293463217724,0.002719014556201661
0.9711724032133149,1.420218918874693,1.4163487176785958,0.002732519998634545
0.9741332946865262,1.4230650845593464,1.419168089035419,0.0027459717802534073
0.9770941861597375,1.4259112502440001,1.4219874603922422,0.002759370220237776
0.9800550776329489,1.4287574159286536,1.4248068317490656,0.0027727156352403736
0.9830159691061602,1.431603581613307,1.4276262031058888,0.00278600833941347
0.9859768605793715,1.4344497472979607,1.430445574462712,0.002799248644432123
0.9889377520525828,1.4372959129826142,1.4332649458195355,0.0028124368595185464
0.9918986435257942,1.4401420786672676,1.4360843171763586,0.002825573291467578
0.9948595349990055,1.4429882443519213,1.4389036885331818,0.002838658244669072
0.9978204264722168,1.4458344100365748,1.4417230598900053,0.0028516920211314116
1.0007813179454281,1.4486805757212284,1.4445424312468285,0.002864674920506292
1.0037422094186395,1.451526741405882,1.4473618026036519,0.002877607240109366
1.0067031008918508,1.4543729070905353,1.450181173960475,0.002890489274945254
1.009663992365062,1.457219072775189,1.4530005453172983,0.0029033213177284346
1.0126248838382734,1.4600652384598425,1.4558199166741215,0.002916103658905573
1.0155857753114848,1.4630157869066058,1.45873797634767,0.002932542120858776
1.018546666784696,1.4660083434978144,1.461695752474206,0.00295040265137835
1.0215075582579074,1.469000900089023,1.4646535286007423,0.0029681910454508287
1.0244684497311187,1.4719934566802315,1.4676113047272783,0.002985907739220869
1.02742934120433,1.47498601327144,1.4705690808538143,0.003003553165323777
1.0303902326775414,1.4779785698626486,1.4735268569803506,0.003021127752921186
1.0333511241507527,1.4809711264538572,1.4764846331068866,0.003038631927736298
1.036312015623964,1.483963683045066,1.4794424092334226,0.003056066112087504
1.0392729070971753,1.4869562396362745,1.4824001853599589,0.0030734307249222046
1.0422337985703867,1.489948796227483,1.485357961486495,0.0030907261818517166
1.045194690043598,1.4929413528186917,1.488315737613031,0.0031079528951829306
1.0481555815168093,1.4959339094099002,1.491273513739567,0.003125111273951825
1.0511164729900206,1.4989264660011088,1.4942312898661032,0.003142201723955544
1.054077364463232,1.5019190225923174,1.4971890659926392,0.003159224647784981
1.0570382559364433,1.504911579183526,1.5001468421191753,0.0031761804448554995
1.0599991474096546,1.5079041357747347,1.5031046182457115,0.003193069511438768
1.062960038882866,1.5108966923659433,1.5060623943722475,0.003209892240693482
1.0659209303560773,1.5138892489571518,1.5090201704987836,0.0032266490226958724
1.0688818218292886,1.5168818055483604,1.5119779466253198,0.003243340244469708
1.0718427133025,1.519874362139569,1.5149357227518558,0.003259966290016681
1.0748036047757112,1.5228669187307775,1.5178934988783919,0.0032765275403449723
1.0777644962489226,1.525859475321986,1.5208512750049281,0.0032930243734987995
1.080725387722134,1.5288520319131946,1.5238090511314641,0.003309457164587621
1.0836862791953452,1.5318445885044034,1.5267668272580002,0.003325826285813833
1.0866471706685565,1.534837145095612,1.5297246033845364,0.003342132106500732
1.0896080621417679,1.5378297016868205,1.5326823795110724,0.003358374993121598
1.0925689536149792,1.540822258278029,1.5356401556376085,0.0033745553093256944
1.0955298450881905,1.5438148148692377,1.5385979317641447,0.0033906734159659902
1.0984907365614018,1.5468073714604462,1.5415557078906807,0.00340672967112642
1.1014516280346132,1.5497999280516548,1.5445134840172168,0.0034227244301475333
1.1044125195078245,1.5527924846428633,1.5474712601437528,0.0034386580456532857
1.1073734109810358,1.555785041234072,1.550429036270289,0.0034545308675766667
1.1103343024542471,1.5587775978252807,1.553386812396825,0.003470343243186034
1.1132951939274585,1.5617701544164893,1.556344588523361,0.003486095517109005
1.1162560854006698,1.5647627110076978,1.5593023646498974,0.003501788031358784
1.119216976873881,1.5677552675989064,1.5622601407764334,0.0035174211253587717
1.1221778683470924,1.570747824190115,1.5652179169029694,0.003532995135966322
1.1251387598203038,1.5737403807813235,1.5681756930295057,0.0035485103974973687
1.128099651293515,1.576732937372532,1.5711334691560417,0.003563967241750771
1.1310605427667264,1.5797254939637408,1.5740912452825777,0.0035793659980312546
1.1340214342399377,1.5827180505549494,1.577049021409114,0.003594706993172663
1.136982325713149,1.585710607146158,1.58000679753565,0.0036099905515623487
1.1399432171863604,1.5887031637373665,1.582964573662186,0.003625216995162625
1.1429041086595717,1.591695720328575,1.585922349788722,0.0036403866435340826
1.145865000132783,1.5946882769197837,1.5888801259152583,0.003655499813857661
1.1488258916059944,1.5976808335109922,1.5918379020417943,0.00367055682095732
1.1517867830792057,1.6006733901022008,1.5947956781683303,0.003685557977321056
1.154747674552417,1.6036659466934093,1.5977534542948666,0.0037005035931229418
1.1577085660256283,1.6066585032846181,1.6007112304214026,0.003715393976245063
1.1606694574988397,1.6096510598758267,1.6036690065479386,0.0037302294322972655
1.163630348972051,1.6126436164670352,1.606626782674475,0.003745010264639317
1.1665912404452623,1.6156361730582438,1.609584558801011,0.003759736774401444
1.1695521319184736,1.6186287296494524,1.612542334927547,0.003774409260504089
1.172513023391685,1.621621286240661,1.6155001110540832,0.0037890280196785507
1.1754739148648963,1.6246663438962874,1.6185067100490063,0.003805751195862899
1.1784348063381076,1.6278252040007974,1.621619138555113,0.0038270795516227433
1.181395697811319,1.6309840641053075,1.62473156706122,0.0038483261917517703
1.1843565892845302,1.6341429242098173,1.6278439955673267,0.003869491584969315
1.1873174807577416,1.6373017843143274,1.6309564240734338,0.0038905761964170694
1.190278372230953,1.6404606444188374,1.6340688525795406,0.0039115804876928865
1.1932392637041642,1.6436195045233475,1.6371812810856474,0.003932504916884189
1.1962001551773755,1.6467783646278573,1.6402937095917542,0.00395334993860155
1.1991610466505869,1.6499372247323674,1.6434061380978613,0.003974116004011886
1.2021219381237982,1.6530960848368774,1.6465185666039681,0.003994803560870733
1.2050828295970095,1.6562549449413875,1.649630995110075,0.004015413053554162
1.2080437210702208,1.6594138050458975,1.6527434236161818,0.004035944923090999
1.2110046125434322,1.6625726651504074,1.6558558521222886,0.004056399607194021
1.2139655040166435,1.6657315252549174,1.6589682806283956,0.0040767775402914585
1.2169263954898548,1.6688903853594275,1.6620807091345025,0.004097079153557484
1.2198872869630661,1.6720492454639375,1.6651931376406093,0.004117304874942357
1.2228481784362775,1.6752081055684473,1.668305566146716,0.00413745512920276
1.2258090699094888,1.6783669656729574,1.6714179946528231,0.004157530337931806
1.2287699613827001,1.6815258257774675,1.67453042315893,0.004177530919588165
1.2317308528559114,1.6846846858819775,1.6776428516650368,0.004197457289524878
1.2346917443291228,1.6878435459864873,1.6807552801711436,0.00421730986001838
1.237652635802334,1.6910024060909974,1.6838677086772504,0.0042370890402973265
1.2406135272755454,1.6941612661955074,1.6869801371833575,0.004256795236569784
1.2435744187487567,1.6973201263000175,1.6900925656894643,0.0042764288520521
1.246535310221968,1.7004789864045273,1.6932049941955711,0.004295990286995351
1.2494962016951794,1.7036378465090374,1.696317422701678,0.004315479938713584
1.2524570931683907,1.7067967066135474,1.6994298512077848,0.004334898201609809
1.255417984641602,1.7099555667180575,1.7025422797138918,0.0043542454672029895
1.2583788761148134,1.7131144268225675,1.7056547082199986,0.004373522124154755
1.2613397675880247,1.7162732869270774,1.7087671367261055,0.0043927285582945055
1.2643006590612362,1.7194321470315876,1.7118795652322125,0.0044118651526461996
1.2672615505344476,1.7225910071360977,1.7149919937383196,0.004430932287452777
1.2702224420076589,1.7257498672406077,1.7181044222444264,0.004449930340202384
1.2731833334808702,1.7289087273451176,1.7212168507505332,0.004468859685652241
1.2761442249540815,1.7320675874496276,1.72432927925664,0.004487720695854326
1.2791051164272929,1.7352264475541377,1.7274417077627469,0.004506513740178845
1.2820660079005042,1.7383853076586477,1.730554136268854,0.004525239185338727
1.2850268993737155,1.7415441677631578,1.7336665647749607,0.004543897395413874
1.2879877908469268,1.7447030278676676,1.7367789932810676,0.0045624887318738445
1.2909486823201382,1.7478618879721777,1.7398914217871744,0.00458101355360223
1.2939095737933495,1.7510207480766877,1.7430038502932814,0.004599472216918722
1.2968704652665608,1.7541796081811978,1.7461162787993882,0.004617865075602983
1.2998313567397721,1.7573384682857076,1.749228707305495,0.004636192480916224
1.3027922482129835,1.7604973283902177,1.752341135811602,0.0046544547816245885
1.3057531396861948,1.7636561884947277,1.7554535643177087,0.00467265232402038
1.308714031159406,1.7668150485992378,1.7585659928238155,0.0046907854519444665
1.3116749226326174,1.7699739087037476,1.7616784213299226,0.00470885450680755
1.3146358141058287,1.7731327688082577,1.7647908498360294,0.00472685982761261
1.31759670557904,1.7762916289127677,1.7679032783421362,0.004744801750974584
1.3205575970522514,1.7794504890172778,1.771015706848243,0.004762680611142357
1.3235184885254627,1.7826093491217878,1.77412813535435,0.004780496740019144
1.326479379998674,1.7857682092262976,1.777240563860457,0.004798250467183396
1.3294402714718854,1.7889270693308077,1.7803529923665637,0.004815942119908881
1.3324011629450967,1.7920859294353177,1.7834654208726706,0.004833572023184538
1.335362054418308,1.7952447895398278,1.7865778493787774,0.004851140499734756
1.3383229458915193,1.7984036496443376,1.7896902778848844,0.004868647870038689
1.3412838373647307,1.8015625097488477,1.7928027063909913,0.004886094452350743
1.344244728837942,1.8047213698533577,1.795915134897098,0.004903480562718365
1.3472056203111533,1.8078802299578678,1.799027563403205,0.00492080651500212
1.3501665117843646,1.8110390900623776,1.802139991909312,0.004938072620894087
1.353127403257576,1.8141979501668877,1.8052524204154188,0.004955279189937537
1.3560882947307873,1.8173568102713977,1.8083648489215256,0.004972426529543946
1.3590491862039986,1.8205156703759078,1.8114772774276324,0.004989514945012294
1.36201007767721,1.8236745304804178,1.8145897059337392,0.005006544739546936
1.3649709691504213,1.8268333905849277,1.8177021344398463,0.005023516214275288
1.3679318606236326,1.8299922506894377,1.8208145629459531,0.005040429668266563
1.370892752096844,1.8331940447184163,1.8239659814326585,0.005059339581821287
1.3738536435700552,1.8365473546589492,1.8272549974608188,0.00508541895413792
1.3768145350432666,1.8399006645994822,1.8305440134889788,0.0051114046106271165
1.3797754265164779,1.843253974540015,1.833833029517139,0.005137297055532115
1.3827363179896892,1.846607284480548,1.8371220455452992,0.0051630967894858775
1.3856972094629005,1.8499605944210809,1.8404110615734595,0.005188804309542139
1.3886581009361119,1.8533139043616138,1.8437000776016195,0.005214420109208056
1.3916189924093232,1.8566672143021465,1.8469890936297797,0.005239944678475062
1.3945798838825345,1.8600205242426795,1.85027810965794,0.005265378503851317
1.3975407753557458,1.8633738341832125,1.8535671256861002,0.005290722068391414
1.4005016668289572,1.8667271441237454,1.8568561417142602,0.005315975851727682
1.4034625583021685,1.8700804540642784,1.8601451577424204,0.005341140330099838
1.4064234497753798,1.873433764004811,1.8634341737705806,0.005366215976385536
1.4093843412485911,1.876787073945344,1.8667231897987406,0.005391203260130094
1.4123452327218025,1.880140383885877,1.8700122058269009,0.005416102647574733
1.4153061241950138,1.88349369382641,1.873301221855061,0.0054409146016867705
1.418267015668225,1.8868470037669427,1.8765902378832213,0.005465639582187598
1.4212279071414364,1.8902003137074757,1.8798792539113813,0.005490278045581785
1.4241887986146478,1.8935536236480086,1.8831682699395416,0.005514830445183991
1.427149690087859,1.8969069335885416,1.8864572859677018,0.005539297231147954
1.4301105815610704,1.9002602435290743,1.889746301995862,0.005563678850493288
1.4330714730342817,1.9036135534696073,1.893035318024022,0.005587975747133415
1.436032364507493,1.9069668634101402,1.8963243340521823,0.005612188361901333
1.4389932559807044,1.9103201733506732,1.8996133500803425,0.005636317132577449
1.4419541474539157,1.913673483291206,1.9029023661085025,0.005660362493915382
1.444915038927127,1.9170267932317389,1.9061913821366627,0.005684324877668183
1.4478759304003384,1.9203801031722718,1.909480398164823,0.005708204712614187
1.4508368218735497,1.9237334131128048,1.9127694141929832,0.005732002424582581
1.453797713346761,1.9270867230533375,1.9160584302211432,0.005755718436478719
1.4567586048199723,1.9304400329938705,1.9193474462493034,0.005779353168309174
1.4597194962931836,1.9337933429344034,1.9226364622774637,0.00580290703720653
1.462680387766395,1.9371466528749364,1.9259254783056239,0.005826380457453923
1.4656412792396063,1.940499962815469,1.929214494333784,0.005849773840509334
1.4686021707128176,1.943853272756002,1.9325035103619441,0.005873087595029625
1.471563062186029,1.947206582696535,1.9357925263901044,0.005896322126894338
1.4745239536592403,1.950559892637068,1.9390815424182644,0.005919477839229365
1.4774848451324516,1.953913202577601,1.9423705584464246,0.0059425551324298
1.480445736605663,1.9572665125181337,1.9456595744745848,0.005965554404183597
1.4834066280788742,1.9606198224586666,1.948948590502745,0.0059884760494944055
1.4863675195520856,1.9639731323991996,1.952237606530905,0.006011320460703734
1.489328411025297,1.9673264423397323,1.9555266225590653,0.006034088027513221
1.4922893024985082,1.9706797522802653,1.9588156385872255,0.006056779137007814
1.4952501939717195,1.9740330622207982,1.9621046546153857,0.0060793941736765784
1.4982110854449309,1.9773863721613312,1.9653936706435458,0.006101933519435089
1.5011719769181422,1.9807396821018641,1.968682686671706,0.006124397553646363
1.5041328683913535,1.9840929920423969,1.9719717026998662,0.006146786653142714
1.5070937598645648,1.9874463019829298,1.9752607187280264,0.006169101192246819
1.5100546513377762,1.9907996119234628,1.9785497347561865,0.0061913415427921285
1.5130155428109875,1.9941529218639957,1.9818387507843467,0.0062135080741435224
1.5159764342841988,1.9975062318045285,1.985127766812507,0.0062356011532182076
1.5189373257574101,2.0008595417450614,1.988416782840667,0.006257621144506075
1.5218982172306215,2.0042128516855944,1.9917057988688271,0.006279568410088731
1.5248591087038328,2.0075661616261273,1.9949948148969874,0.006301443309660473
1.5278200001770441,2.0109194715666603,1.9982838309251476,0.006323246200547369
1.5307808916502554,2.0142727815071932,2.001572846953308,0.006344977437726835
1.5337417831234668,2.0176260914477258,2.0048618629814676,0.006366637373846898
1.536702674596678,2.0209794013882587,2.008150879009628,0.006388226359245267
1.5396635660698894,2.0243327113287917,2.011439895037788,0.006409744741968227
1.5426244575431007,2.0276860212693246,2.0147289110659483,0.00643119286778934
1.545585349016312,2.0310393312098576,2.0180179270941085,0.006452571080227967
1.5485462404895234,2.0343926411503905,2.0213069431222688,0.006473879720567609
1.5515071319627347,2.0377459510909235,2.024595959150429,0.0064951191278740635
1.554468023435946,2.0410992610314564,2.0278849751785892,0.006516289639013413
1.5574289149091574,2.0444525709719894,2.031173991206749,0.006537391588670055
1.5603898063823687,2.047805880912522,2.0344630072349092,0.006558425309363234
1.56335069785558,2.051159190853055,2.0377520232630695,0.006579391131466714
1.5663115893287913,2.054512500793588,2.0410410392912297,0.00660028938322387
1.5692724808020027,2.057865810734121,2.04433005531939,0.006621120390765924
1.572233372275214,2.0612191206746537,2.04761907134755,0.006641884478128687
1.5751942637484253,2.0645724306151867,2.0509080873757104,0.006662581967269357
1.5781551552216366,2.0679257405557196,2.0541971034038706,0.006683213178083168
1.581116046694848,2.0712790504962526,2.0574861194320304,0.006703778428420083
1.5840769381680593,2.074632360436785,2.0607751354601906,0.006724278034100029
1.5870378296412706,2.077985670377318,2.064064151488351,0.006744712308931242
1.589998721114482,2.081338980317851,2.067353167516511,0.006765081564724101
1.5929596125876933,2.084692290258384,2.0706421835446713,0.006785386111308081
1.5959205040609046,2.088045600198917,2.0739311995728316,0.00680562625654724
1.598881395534116,2.09139891013945,2.077220215600992,0.006825802306355782
1.6018422870073272,2.094752220079983,2.0805092316291516,0.006845914564713678
1.6048031784805386,2.098105530020516,2.083798247657312,0.006865963333681085
1.6077640699537499,2.1014588399610483,2.087087263685472,0.00688594891341453
1.6107249614269612,2.1048121499015813,2.0903762797136323,0.006905871602181893
1.6136858529001725,2.1081654598421142,2.0936652957417925,0.006925731696376176
1.6166467443733838,2.1116659910640174,2.0970833598874257,0.0069537680072834914
1.6196076358465952,2.115256059873515,2.1005799089981028,0.006986713912927153
1.6225685273198065,2.1188461286830123,2.1040764581087803,0.0070195503197195905
1.6255294187930178,2.1224361974925094,2.1075730072194574,0.007052277772650548
1.6284903102662291,2.126026266302007,2.111069556330135,0.0070848968130982695
1.6314512017394405,2.1296163351115043,2.114566105440812,0.007117407978860425
1.6344120932126518,2.133206403921002,2.1180626545514896,0.007149811804183438
1.6373729846858631,2.136796472730499,2.1215592036621667,0.007182108819791769
1.6403338761590744,2.1403865415399963,2.125055752772844,0.007214299552916659
1.6432947676322858,2.143976610349494,2.1285523018835213,0.007246384527325886
1.646255659105497,2.147566679158991,2.132048850994199,0.007278364263349857
1.6492165505787084,2.1511567479684888,2.135545400104876,0.0073102392779128824
1.6521774420519197,2.154746816777986,2.1390419492155535,0.0073420100845576755
1.655138333525131,2.158336885587483,2.1425384983262306,0.007373677193476073
1.6580992249983424,2.161926954396981,2.146035047436908,0.0074052411115340415
1.6610601164715537,2.165517023206478,2.149531596547585,0.0074367023422997735
1.664021007944765,2.169107092015975,2.1530281456582627,0.00746806138607004
1.6669818994179764,2.172697160825473,2.15652469476894,0.0074993187398977555
1.6699427908911877,2.17628722963497,2.1600212438796174,0.007530474897615956
1.672903682364399,2.1798772984444676,2.1635177929902945,0.007561530349866914
1.6758645738376103,2.183467367253965,2.167014342100972,0.007592485584124584
1.6788254653108217,2.187057436063462,2.170510891211649,0.007623341084723208
1.681786356784033,2.1906475048729597,2.1740074403223266,0.0076540973328803
1.6847472482572443,2.194237573682457,2.1775039894330037,0.007684754806722708
1.6877081397304556,2.1978276424919545,2.1810005385436813,0.0077153139813111666
1.690669031203667,2.2014177113014517,2.1844970876543583,0.00774577532866485
1.6936299226768783,2.205007780110949,2.187993636765036,0.007776139317785463
1.6965908141500896,2.2085978489204465,2.191490185875713,0.007806406414682334
1.699551705623301,2.2121879177299437,2.1949867349863905,0.007836577082394009
1.7025125970965123,2.215777986539441,2.1984832840970676,0.007866651781014726
1.7054734885697236,2.2193680553489386,2.201979833207745,0.007896630967715548
1.708434380042935,2.2229581241584357,2.2054763823184222,0.007926515096768567
1.7113952715161462,2.2265481929679334,2.2089729314291,0.007956304619569622
1.7143561629893576,2.2301382617774306,2.212469480539777,0.00798599998466105
1.7173170544625689,2.2337283305869278,2.2159660296504544,0.008015601637753974
1.7202779459357802,2.2373183993964254,2.2194625787611315,0.00804511002175163
1.7232388374089915,2.2409084682059226,2.222959127871809,0.008074525576769234
1.7261997288822029,2.24449853701542,2.2264556769824866,0.008103848740158473
1.7291606203554142,2.2480886058249174,2.2299522260931637,0.008133079946527986
1.7321215118286255,2.2516786746344146,2.2334487752038408,0.008162219627763818
1.7350824033018368,2.2552687434439123,2.2369453243145183,0.008191268213052508
1.7380432947750482,2.2588588122534095,2.240441873425196,0.008220226128900956
1.7410041862482595,2.2624488810629066,2.243938422535873,0.008249093799158289
1.7439650777214708,2.2660389498724043,2.24743497164655,0.008277871645035547
1.7469259691946821,2.2696290186819015,2.2509315207572276,0.008306560085125977
1.7498868606678935,2.273219087491399,2.254428069867905,0.008335159535427107
1.7528477521411048,2.2768091563008963,2.257924618978582,0.008363670409358884
1.755808643614316,2.2803992251103935,2.2614211680892593,0.008392093117784561
1.7587695350875274,2.283989293919891,2.264917717199937,0.008420428069030263
1.7617304265607387,2.2875793627293883,2.2684142663106144,0.008448675668904329
1.76469131803395,2.2911694315388855,2.2719108154212915,0.008476836320717471
1.7676522095071614,2.294759500348383,2.2754073645319686,0.008504910425300993
1.770613100980373,2.298349569157881,2.2789039136426466,0.008532898381025604
1.7735739924535843,2.301939637967378,2.2824004627533236,0.008560800583822041
1.7765348839267956,2.3055297067768756,2.285897011864001,0.008588617427197761
1.779495775400007,2.309119775586373,2.2893935609746783,0.008616349302256437
1.7824566668732182,2.31270984439587,2.292890110085356,0.00864399659771588
1.7854175583464296,2.3162999132053677,2.296386659196033,0.008671559699927186
1.788378449819641,2.319889982014865,2.2998832083067104,0.008699038992890597
1.7913393412928522,2.3234800508243625,2.3033797574173875,0.008726434858276233
1.7943002327660635,2.3270701196338597,2.306876306528065,0.008753747675438673
1.7972611242392749,2.330660188443357,2.310372855638742,0.008780977821437361
1.8002220157124862,2.3342502572528545,2.3138694047494197,0.008808125671051837
1.8031829071856975,2.3378403260623517,2.317365953860097,0.008835191596799893
1.8061437986589088,2.341430394871849,2.3208625029707743,0.008862175968954226
1.8091046901321202,2.3450204636813465,2.3243590520814514,0.008889079155560286
1.8120655816053315,2.3486105324908437,2.327855601192129,0.008915901522450897
1.8150264730785428,2.3522006013003414,2.331352150302806,0.008942643433265715
1.8179873645517541,2.3557906701098386,2.3348486994134836,0.008969305249464599
1.8209482560249655,2.3593807389193358,2.3383452485241607,0.008995887330346763
1.8239091474981768,2.3629708077288334,2.3418417976348382,0.009022390033064813
1.826870038971388,2.3665608765383306,2.3453383467455153,0.009048813712641705
1.8298309304445994,2.370150945347828,2.348834895856193,0.009075158721986401
1.8327918219178108,2.3737410141573254,2.35233144496687,0.009101425411909577
1.835752713391022,2.3773310829668226,2.3558279940775475,0.009127614131139015
1.8387136048642334,2.3809211517763202,2.3593245431882246,0.009153725226335972
1.8416744963374447,2.3845112205858174,2.362821092298902,0.009179759042108403
1.844635387810656,2.3881012893953146,2.3663176414095792,0.009205715921028765
1.8475962792838674,2.3916913582048123,2.3698141905202568,0.00923159620364696
1.8505571707570787,2.3952814270143095,2.373310739630934,0.009257400228506189
1.85351806223029,2.398871495823807,2.3768072887416114,0.009283128332157498
1.8564789537035014,2.4024615646333043,2.3803038378522885,0.009308780849174437
1.8594398451767127,2.4060516334428015,2.383800386962966,0.00933435811216736
1.862400736649924,2.409641702252299,2.387296936073643,0.009359860451798738
1.8653616281231353,2.4132317710617963,2.3907934851843207,0.009385288196795362
1.8683225195963467,2.416821839871294,2.3942900342949978,0.009410641673965249
1.871283411069558,2.420411908680791,2.3977865834056753,0.009435921208208683
1.8742443025427693,2.4240019774902883,2.4012831325163524,0.009461127122534866
1.8772051940159806,2.427592046299786,2.40477968162703,0.009486259738073642
1.880166085489192,2.431182115109283,2.408276230737707,0.009511319374090063
1.8831269769624033,2.4347721839187804,2.4117727798483846,0.009536306347997531
1.8860878684356146,2.438362252728278,2.4152693289590617,0.009561220975372127
1.889048759908826,2.441952321537775,2.418765878069739,0.00958606356996387
1.8920096513820372,2.4455423903472724,2.4222624271804163,0.009610834443712465
1.8949705428552486,2.44913245915677,2.425758976291094,0.009635533906758325
1.89793143432846,2.452722527966267,2.429255525401771,0.009660162267456456
1.9008923258016712,2.456312596775765,2.4327520745124485,0.009684719832389084
1.9038532172748825,2.459902665585262,2.4362486236231256,0.009709206906378389
1.9068141087480939,2.4634927343947597,2.439745172733803,0.00973362379249911
1.9097750002213052,2.467082803204257,2.44324172184448,0.009757970792091055
1.9127358916945165,2.470672872013754,2.4467382709551577,0.00978224820477131
1.9156967831677278,2.4742629408232517,2.450234820065835,0.009806456328447444
1.9186576746409392,2.477853009632749,2.4537313691765124,0.009830595459327695
1.9216185661141505,2.481443078442246,2.4572279182871894,0.009854665891935585
1.9245794575873618,2.4850331472517437,2.460724467397867,0.009878667919119915
1.9275403490605731,2.488623216061241,2.464221016508544,0.00990260183206754
1.9305012405337845,2.492213284870738,2.4677175656192216,0.009926467920314786
1.9334621320069958,2.495946982768234,2.4713332073131222,0.009959715420921412
1.9364230234802071,2.499843195190391,2.47508360078205,0.010003538628157014
1.9393839149534184,2.5037394076125485,2.478833994250978,0.010047229229279754
1.9423448064266298,2.507635620034706,2.4825843877199056,0.010090787825266302
1.945305697899841,2.511531832456863,2.4863347811888334,0.01013421501346727
1.9482665893730524,2.5154280448790205,2.4900851746577612,0.010177511387634517
1.9512274808462637,2.519324257301178,2.493835568126689,0.010220677537948211
1.954188372319475,2.523220469723335,2.497585961595617,0.010263714051043643
1.9571492637926864,2.5271166821454925,2.5013363550645447,0.010306621510037806
1.9601101552658977,2.5310128945676498,2.5050867485334725,0.010349400494555724
1.963071046739109,2.534909106989807,2.5088371420024003,0.010392051580756565
1.9660319382123204,2.5388053194119644,2.5125875354713276,0.010434575341359671
1.9689928296855317,2.5427015318341217,2.5163379289402554,0.010476972345669492
1.971953721158743,2.546597744256279,2.5200883224091832,0.010519243159602053
1.9749146126319543,2.5504939566784364,2.523838715878111,0.010561388345709428
1.9778755041051657,2.5543901691005937,2.527589109347039,0.010603408463204868
1.980836395578377,2.558286381522751,2.5313395028159666,0.010645304067987537
1.9837972870515883,2.5621825939449083,2.5350898962848945,0.01068707571266703
1.9867581785247996,2.5660788063670656,2.5388402897538223,0.010728723946587661
1.989719069998011,2.569975018789223,2.54259068322275,0.010770249315852555
1.9926799614712223,2.5738712312113803,2.546341076691678,0.01081165236334751
1.9956408529444336,2.5777674436335376,2.5500914701606057,0.010852933628764655
1.998601744417645,2.581663656055695,2.5538418636295335,0.010894093648625907
2.0015626358908563,2.5855598684778522,2.5575922570984613,0.01093513295630621
2.0045235273640674,2.5894560809000096,2.5613426505673886,0.010976052082056743
2.007484418837279,2.593352293322167,2.565093044036317,0.0110168515530269
2.01044531031049,2.597248505744324,2.5688434375052442,0.011057531893288832
2.0134062017837016,2.6011447181664815,2.5725938309741725,0.011098093623857276
2.0163670932569127,2.605040930588639,2.5763442244431,0.011138537262714588
2.019327984730124,2.608937143010796,2.5800946179120277,0.011178863324830179
2.0222888762033358,2.612833355432954,2.583845011380956,0.011219072322184283
2.025249767676547,2.616729567855111,2.5875954048498833,0.011259164763788765
2.0282106591497584,2.6206257802772686,2.5913457983188115,0.011299141155708757
2.0311715506229695,2.6245219926994254,2.595096191787739,0.01133900200108397
2.034132442096181,2.628418205121583,2.598846585256667,0.011378747800149783
2.037093333569392,2.63231441754374,2.6025969787255945,0.011418379050258191
2.0400542250426037,2.636210629965898,2.6063473721945227,0.011457896245898524
2.043015116515815,2.6401068423880547,2.61009776566345,0.011497299878718044
2.0459760079890263,2.6440030548102125,2.6138481591323783,0.011536590437542299
2.0489368994622374,2.6478992672323693,2.6175985526013057,0.011575768408395375
2.051897790935449,2.651795479654527,2.6213489460702335,0.01161483427452007
2.05485868240866,2.655691692076684,2.6250993395391613,0.011653788516396944
2.0578195738818716,2.6595879044988417,2.628849733008089,0.011692631611765867
2.0607804653550827,2.6634841169209986,2.632600126477017,0.011731364035643009
2.0637413568282943,2.6673803293431564,2.6363505199459447,0.011769986260342915
2.0667022483015054,2.6712765417653133,2.640100913414872,0.011808498755495174
2.069663139774717,2.675172754187471,2.6438513068838003,0.011846901988065288
2.072624031247928,2.679068966609628,2.6476017003527277,0.011885196422372738
2.0755849227211396,2.6829651790317857,2.651352093821656,0.01192338252010983
2.0785458141943507,2.6868613914539425,2.6551024872905833,0.011961460740360282
2.0815067056675622,2.6907576038761003,2.6588528807595115,0.011999431539617586
2.0844675971407733,2.694653816298257,2.662603274228439,0.012037295371803291
2.087428488613985,2.698550028720415,2.666353667697367,0.012075052688285048
2.090389380087196,2.702446241142572,2.6701040611662945,0.012112703937894587
2.0933502715604075,2.7063424535647296,2.6738544546352223,0.012150249566945635
2.0963111630336186,2.7102386659868865,2.67760484810415,0.012187690019250737
2.09927205450683,2.714134878409044,2.681355241573078,0.01222502573614057
2.1022329459800413,2.718031090831201,2.6851056350420057,0.012262257156478792
2.105193837453253,2.721927303253359,2.6888560285109335,0.012299384716681886
2.108154728926464,2.7258235156755157,2.6926064219798613,0.012336408850733565
2.1111156203996755,2.7297197280976735,2.696356815448789,0.012373329990204334
2.1140765118728866,2.7336159405198304,2.700107208917717,0.01241014856426561
2.117037403346098,2.737512152941988,2.7038576023866447,0.012446864999708988
2.1199982948193092,2.741408365364145,2.707607995855572,0.012483479720960266
2.122959186292521,2.7453045777863028,2.7113583893245004,0.012519993150097605
2.125920077765732,2.7492007902084596,2.7151087827934277,0.012556405706866934
2.1288809692389434,2.7530970026306174,2.718859176262356,0.012592717808698185
2.1318418607121545,2.7569932150527743,2.7226095697312833,0.012628929870721261
2.134802752185366,2.760889427474932,2.7263599632002116,0.012665042305781832
2.137763643658577,2.764785639897089,2.730110356669139,0.012701055524457057
2.1407245351317887,2.7686818523192467,2.733860750138067,0.012736969935071108
2.143685426605,2.7725780647414036,2.7376111436069945,0.012772785943710637
2.1466463180782114,2.7764742771635613,2.741361537075923,0.01280850395424005
2.1496072095514225,2.780370489585718,2.74511193054485,0.012844124368316716
2.152568101024634,2.784266702007876,2.748862324013778,0.012879647585406157
2.155528992497845,2.788162914430033,2.7526127174827058,0.012915074002796196
2.1584898839710567,2.7920591268521906,2.7563631109516336,0.012950404015613532
2.161450775444268,2.7959553392743475,2.760113504420561,0.012985638016836176
2.1644116669174793,2.7998515516965052,2.763863897889489,0.013020776397309782
2.1673725583906904,2.803747764118662,2.7676142913584165,0.013055819545761323
2.170333449863902,2.80764397654082,2.7713646848273448,0.01309076784881355
2.173294341337113,2.8115401889629767,2.775115078296272,0.013125621690999246
2.1762552328103246,2.8154364013851345,2.7788654717652004,0.01316038145477529
2.1792161242835357,2.8193326138072914,2.7826158652341277,0.013195047520536695
2.1821770157567473,2.823228826229449,2.786366258703056,0.013229620266630432
2.1851379072299584,2.827125038651606,2.7901166521719833,0.01326410006936924
2.18809879870317,2.831021251073764,2.7938670456409116,0.013298487303045246
2.191059690176381,2.8349174634959207,2.797617439109839,0.013332782339943531
2.1940205816495926,2.8388136759180784,2.8013678325787668,0.01336698555035571
2.1969814731228037,2.8427098883402353,2.8051182260476946,0.013401097302592473
2.199942364596015,2.846606100762393,2.8088686195166224,0.013435117962998545
2.2029032560692263,2.85050231318455,2.81261901298555,0.013469047895963432
2.205864147542438,2.8543985256067077,2.816369406454478,0.013502887463936953
2.208825039015649,2.8582947380288646,2.820119799923406,0.013536637027439624
2.2117859304888605,2.8621909504510223,2.8238701933923336,0.013570296945077984
2.2147468219620716,2.866087162873179,2.8276205868612614,0.013603867573554772
2.217707713435283,2.869983375295337,2.831370980330189,0.013637349267684055
2.2206686049084943,2.873879587717494,2.8351213737991166,0.01367074238040136
2.223629496381706,2.8777758001396516,2.838871767268045,0.013704047262777798
2.226590387854917,2.8816720125618085,2.842622160736972,0.013737264264031613
2.2295512793281285,2.8855682249839663,2.8463725542059004,0.013770393731540499
2.2325121708013396,2.889464437406123,2.8501229476748278,0.013803436010853752
2.235473062274551,2.893360649828281,2.853873341143756,0.013836391445704253
2.238433953747762,2.8972568622504378,2.8576237346126834,0.013869260378020408
2.2413948452209738,2.9011530746725955,2.8613741280816116,0.013902043147937955
2.244355736694185,2.9050492870947524,2.865124521550539,0.013934740093811723
2.2473166281673964,2.90894549951691,2.868874915019467,0.013967351552227395
2.2502775196406075,2.912841711939067,2.8726253084883946,0.01399987785801231
2.253238411113819,2.916737924361225,2.8763757019573224,0.014032319344248612
2.25619930258703,2.9206341367833817,2.88012609542625,0.014064676342282303
2.2591601940602417,2.9245303492055394,2.883876488895178,0.014096949181736998
2.262121085533453,2.9284265616276963,2.8876268823641054,0.014129138190522797
2.2650819770066644,2.932322774049854,2.8913772758330336,0.014161243694849087
2.2680428684798755,2.936218986472011,2.895127669301961,0.014193266019234808
2.271003759953087,2.9401151988941687,2.898878062770889,0.014225205486519512
2.273964651426298,2.9440114113163256,2.9026284562398166,0.014257062417874243
2.2769255428995097,2.9479076237384834,2.906378849708745,0.014288837132812274
2.2798864343727208,2.9518038361606402,2.910129243177672,0.014320529949199816
2.2828473258459323,2.955700048582798,2.9138796366466004,0.014352141183266592
2.2858082173191434,2.959596261004955,2.917630030115528,0.014383671149616377
2.288769108792355,2.9634924734271126,2.921380423584456,0.014415120161237416
2.291730000265566,2.9673886858492695,2.9251308170533834,0.0144464885295128
2.2946908917387776,2.9712848982714273,2.928881210522311,0.014477776564230873
2.2976517832119887,2.975181110693584,2.932631603991239,0.014508984573594692
2.3006126746852003,2.979077323115742,2.936381997460167,0.014540112864233797
2.3035735661584114,2.982973535537899,2.9401323909290946,0.014571161741211995
2.306534457631623,2.9868697479600566,2.9438827843980224,0.014602131508039743
2.309495349104834,2.9907659603822134,2.9476331778669502,0.014633022466681612
2.3124562405780456,2.994662172804371,2.951383571335878,0.01466383491756853
2.3154171320512567,2.998558385226528,2.9551339648048054,0.014694569159605248
2.318378023524468,3.002454597648686,2.9588843582737336,0.014725225490181662
2.3213389149976793,3.0063508100708427,2.962634751742661,0.01475580420518167
2.324299806470891,3.0102470224930005,2.9663851452115892,0.01478630559899281
2.327260697944102,3.0141432349151573,2.9701355386805166,0.01481672996451575
2.3302215894173135,3.018039447337315,2.973885932149445,0.014847077593173615
2.3331824808905246,3.021935659759472,2.977636325618372,0.01487734877492134
2.336143372363736,3.0258318721816297,2.9813867190873005,0.014907543798254857
2.3391042638369473,3.0297280846037866,2.985137112556228,0.01493766295022031
2.342065155310159,3.0336242970259444,2.988887506025156,0.014967706516423098
2.34502604678337,3.0375205094481013,2.9926378994940834,0.014997674781036956
2.3479869382565814,3.041416721870259,2.9963882929630117,0.015027568026812868
2.3509478297297925,3.045312934292416,3.000138686431939,0.015057386535087994
2.353908721203004,3.0492091467145737,3.003889079900867,0.015087130585794617
2.356869612676215,3.0531053591367305,3.007639473369794,0.015116800457468337
2.3598305041494267,3.0570015715588883,3.0113898668387225,0.015146396427257626
2.362791395622638,3.060897783981045,3.01514026030765,0.015175918770931902
2.3657522870958494,3.064793996403203,3.018890653776578,0.015205367762890193
